timestamp,temperature,humidity,cloud_cover,cloud_cover_low,cloud_cover_mid,cloud_cover_high,shortwave_radiation,direct_radiation,diffuse_radiation,precipitation,wind_speed
2026-05-01 00:00:00,19.9,78,100,100,0,0,0.0,0.0,0.0,0.0,6.3
2026-05-01 01:00:00,19.8,79,100,100,0,11,0.0,0.0,0.0,0.0,6.1
2026-05-01 02:00:00,19.9,82,100,100,0,99,0.0,0.0,0.0,0.0,7.3
2026-05-01 03:00:00,20.0,83,100,100,0,100,0.0,0.0,0.0,0.0,6.6
2026-05-01 04:00:00,19.7,82,100,100,0,95,0.0,0.0,0.0,0.0,7.1
2026-05-01 05:00:00,19.3,81,100,100,0,91,0.0,0.0,0.0,0.0,7.1
2026-05-01 06:00:00,19.0,81,100,96,0,94,0.0,0.0,0.0,0.0,6.0
2026-05-01 07:00:00,19.3,79,100,100,0,3,32.0,5.0,27.0,0.0,5.9
2026-05-01 08:00:00,19.8,76,2,0,0,2,169.0,57.0,112.0,0.0,6.3
2026-05-01 09:00:00,21.2,72,2,0,0,2,457.0,332.0,125.0,0.0,5.9
2026-05-01 10:00:00,22.7,67,0,0,0,0,659.0,514.0,145.0,0.0,5.8
2026-05-01 11:00:00,24.1,64,14,0,0,14,815.0,658.0,157.0,0.0,5.6
2026-05-01 12:00:00,25.7,61,100,100,0,2,916.0,753.0,163.0,0.0,6.2
2026-05-01 13:00:00,25.7,61,100,100,0,0,579.0,226.0,353.0,0.0,6.0
2026-05-01 14:00:00,26.0,61,96,96,0,0,622.0,202.0,420.0,0.0,7.3
2026-05-01 15:00:00,26.8,58,86,40,4,77,537.0,228.0,309.0,0.0,6.2
2026-05-01 16:00:00,26.9,57,97,41,30,95,366.0,123.0,243.0,0.0,6.4
2026-05-01 17:00:00,26.6,61,99,62,38,98,254.0,72.0,182.0,0.0,8.3
2026-05-01 18:00:00,25.4,71,95,3,16,93,170.0,80.0,90.0,0.0,11.5
2026-05-01 19:00:00,23.7,81,0,0,0,0,33.0,9.0,24.0,0.0,11.6
2026-05-01 20:00:00,23.3,86,16,6,0,10,0.0,0.0,0.0,0.0,11.5
2026-05-01 21:00:00,23.1,87,4,3,1,0,0.0,0.0,0.0,0.0,10.7
2026-05-01 22:00:00,22.8,90,4,0,4,0,0.0,0.0,0.0,0.0,11.9
2026-05-01 23:00:00,22.5,91,27,2,2,24,0.0,0.0,0.0,0.0,12.3
2026-05-02 00:00:00,22.1,93,89,13,28,84,0.0,0.0,0.0,0.0,9.3
2026-05-02 01:00:00,21.8,94,100,19,30,100,0.0,0.0,0.0,0.0,5.5
2026-05-02 02:00:00,22.0,96,100,25,14,100,0.0,0.0,0.0,0.0,3.4
2026-05-02 03:00:00,22.2,95,100,26,13,100,0.0,0.0,0.0,0.0,5.7
2026-05-02 04:00:00,22.1,95,93,13,0,92,0.0,0.0,0.0,0.0,7.9
2026-05-02 05:00:00,21.8,95,100,25,27,99,0.0,0.0,0.0,0.0,8.1
2026-05-02 06:00:00,22.0,94,100,30,5,100,0.0,0.0,0.0,0.0,7.9
2026-05-02 07:00:00,22.9,91,97,25,0,96,51.0,12.0,39.0,0.0,11.9
2026-05-02 08:00:00,23.8,89,100,100,10,2,199.0,86.0,113.0,0.0,7.7
2026-05-02 09:00:00,24.9,83,99,98,16,66,252.0,81.0,171.0,0.1,14.2
2026-05-02 10:00:00,26.5,79,85,72,18,35,433.0,183.0,250.0,0.1,13.9
2026-05-02 11:00:00,27.5,74,70,53,38,6,449.0,143.0,306.0,0.2,14.1
2026-05-02 12:00:00,28.5,69,38,24,19,0,645.0,346.0,299.0,0.3,15.6
2026-05-02 13:00:00,29.6,65,27,14,16,0,739.0,482.0,257.0,0.2,16.1
2026-05-02 14:00:00,30.2,59,32,14,20,5,774.0,536.0,238.0,0.1,15.8
2026-05-02 15:00:00,30.4,58,99,19,16,98,683.0,498.0,185.0,0.1,16.6
2026-05-02 16:00:00,29.7,59,100,38,36,100,388.0,173.0,215.0,0.0,15.2
2026-05-02 17:00:00,28.8,66,100,13,13,99,277.0,94.0,183.0,0.1,10.7
2026-05-02 18:00:00,28.0,71,100,25,6,100,156.0,70.0,86.0,0.0,10.2
2026-05-02 19:00:00,26.4,79,98,37,21,98,33.0,8.0,25.0,0.0,8.5
2026-05-02 20:00:00,25.4,87,100,9,6,100,0.0,0.0,0.0,0.0,10.1
2026-05-02 21:00:00,25.1,88,99,1,8,99,0.0,0.0,0.0,0.0,11.8
2026-05-02 22:00:00,24.7,89,98,5,2,98,0.0,0.0,0.0,0.0,11.0
2026-05-02 23:00:00,24.4,91,79,5,1,77,0.0,0.0,0.0,0.0,8.7
2026-05-03 00:00:00,24.0,92,76,2,0,76,0.0,0.0,0.0,0.0,7.1
2026-05-03 01:00:00,23.8,94,95,1,0,95,0.0,0.0,0.0,0.0,8.5
2026-05-03 02:00:00,24.2,94,99,6,1,99,0.0,0.0,0.0,0.0,10.4
2026-05-03 03:00:00,24.1,94,100,13,13,100,0.0,0.0,0.0,0.0,9.1
2026-05-03 04:00:00,23.5,95,100,38,44,100,0.0,0.0,0.0,2.6,7.4
2026-05-03 05:00:00,23.2,96,100,11,30,100,0.0,0.0,0.0,3.7,5.1
2026-05-03 06:00:00,23.2,97,100,0,32,100,0.0,0.0,0.0,0.4,9.4
2026-05-03 07:00:00,23.7,95,100,1,4,100,30.0,0.0,30.0,0.1,5.5
2026-05-03 08:00:00,23.7,97,100,77,91,99,126.0,10.0,116.0,0.2,6.8
2026-05-03 09:00:00,24.2,91,100,74,82,97,93.0,4.0,89.0,4.7,10.4
2026-05-03 10:00:00,24.7,89,100,100,35,89,208.0,16.0,192.0,1.7,10.5
2026-05-03 11:00:00,24.7,87,100,99,27,98,200.0,5.0,195.0,0.8,8.5
2026-05-03 12:00:00,25.7,80,97,95,5,39,345.0,55.0,290.0,0.1,11.3
2026-05-03 13:00:00,27.4,72,100,99,48,91,782.0,415.0,367.0,0.0,14.2
2026-05-03 14:00:00,27.5,66,54,6,51,5,434.0,132.0,302.0,0.0,14.4
2026-05-03 15:00:00,27.0,67,56,5,44,20,629.0,406.0,223.0,0.1,15.9
2026-05-03 16:00:00,26.3,59,95,0,47,93,464.0,262.0,202.0,0.0,15.1
2026-05-03 17:00:00,25.6,61,100,0,19,100,237.0,82.0,155.0,0.0,11.6
2026-05-03 18:00:00,24.9,69,100,0,19,100,114.0,15.0,99.0,0.0,8.0
2026-05-03 19:00:00,23.9,76,100,4,16,100,18.0,0.0,18.0,0.2,7.4
2026-05-03 20:00:00,23.1,75,100,0,95,100,0.0,0.0,0.0,0.1,12.5
2026-05-03 21:00:00,22.7,75,100,0,21,100,0.0,0.0,0.0,0.0,14.7
2026-05-03 22:00:00,22.3,75,77,0,38,63,0.0,0.0,0.0,0.1,11.8
2026-05-03 23:00:00,21.8,74,59,0,29,44,0.0,0.0,0.0,0.0,10.2
2026-05-04 00:00:00,21.1,76,78,16,5,73,0.0,0.0,0.0,0.0,8.9
2026-05-04 01:00:00,20.5,77,84,3,3,82,0.0,0.0,0.0,0.0,10.4
2026-05-04 02:00:00,21.1,79,100,0,29,100,0.0,0.0,0.0,0.0,11.3
2026-05-04 03:00:00,21.0,80,100,0,100,100,0.0,0.0,0.0,0.0,11.9
2026-05-04 04:00:00,21.1,82,100,0,100,88,0.0,0.0,0.0,0.0,11.2
2026-05-04 05:00:00,21.0,82,98,0,81,89,0.0,0.0,0.0,0.0,10.1
2026-05-04 06:00:00,20.7,81,63,0,52,24,0.0,0.0,0.0,0.0,10.1
2026-05-04 07:00:00,21.1,80,95,0,86,60,56.0,19.0,37.0,0.0,9.8
2026-05-04 08:00:00,21.9,80,100,0,16,100,165.0,37.0,128.0,0.0,9.2
2026-05-04 09:00:00,23.3,73,100,1,39,100,379.0,175.0,204.0,0.0,10.5
2026-05-04 10:00:00,24.4,68,100,0,98,99,469.0,164.0,305.0,0.0,10.3
2026-05-04 11:00:00,24.5,67,100,2,100,100,331.0,58.0,273.0,0.0,8.4
2026-05-04 12:00:00,23.8,70,100,61,100,100,251.0,26.0,225.0,0.2,9.6
2026-05-04 13:00:00,22.8,79,100,2,100,100,258.0,38.0,220.0,0.6,11.0
2026-05-04 14:00:00,24.1,70,100,66,24,100,230.0,11.0,219.0,0.5,5.8
2026-05-04 15:00:00,23.6,73,100,11,100,100,267.0,9.0,258.0,0.2,6.7
2026-05-04 16:00:00,23.2,77,100,0,100,100,176.0,5.0,171.0,0.3,8.9
2026-05-04 17:00:00,23.2,78,100,22,100,100,171.0,19.0,152.0,0.1,7.2
2026-05-04 18:00:00,22.7,82,100,7,100,96,48.0,0.0,48.0,0.0,5.4
2026-05-04 19:00:00,22.1,85,98,14,96,29,11.0,0.0,11.0,0.0,5.9
2026-05-04 20:00:00,22.1,88,91,9,76,60,0.0,0.0,0.0,0.0,5.4
2026-05-04 21:00:00,21.6,90,100,3,100,84,0.0,0.0,0.0,0.0,4.4
2026-05-04 22:00:00,21.6,91,100,100,100,44,0.0,0.0,0.0,0.0,3.5
2026-05-04 23:00:00,21.6,93,100,100,95,18,0.0,0.0,0.0,0.0,4.0
2026-05-05 00:00:00,21.6,93,100,100,20,32,0.0,0.0,0.0,0.0,3.1
2026-05-05 01:00:00,21.5,94,100,100,100,15,0.0,0.0,0.0,0.1,2.6
2026-05-05 02:00:00,20.8,97,100,100,5,6,0.0,0.0,0.0,0.4,1.7
2026-05-05 03:00:00,21.1,96,100,100,100,1,0.0,0.0,0.0,0.5,4.2
2026-05-05 04:00:00,21.0,96,100,100,100,13,0.0,0.0,0.0,0.5,3.6
2026-05-05 05:00:00,21.0,96,100,8,100,0,0.0,0.0,0.0,0.1,5.4
2026-05-05 06:00:00,21.0,95,100,100,100,2,0.0,0.0,0.0,0.0,4.1
2026-05-05 07:00:00,21.2,91,100,100,0,0,24.0,0.0,24.0,0.0,5.0
2026-05-05 08:00:00,21.4,89,100,100,31,0,135.0,24.0,111.0,0.0,6.6
2026-05-05 09:00:00,22.0,84,100,100,16,3,158.0,10.0,148.0,0.0,9.8
2026-05-05 10:00:00,22.7,80,100,100,47,2,230.0,16.0,214.0,0.0,8.8
2026-05-05 11:00:00,22.8,80,100,100,100,13,184.0,28.0,156.0,0.0,6.0
2026-05-05 12:00:00,23.3,79,100,100,100,31,228.0,9.0,219.0,0.0,3.1
2026-05-05 13:00:00,23.3,79,100,100,100,3,184.0,11.0,173.0,0.3,3.3
2026-05-05 14:00:00,22.8,79,100,100,100,2,200.0,7.0,193.0,0.0,3.1
2026-05-05 15:00:00,22.7,81,100,100,100,0,124.0,1.0,123.0,0.1,5.6
2026-05-05 16:00:00,22.6,83,100,100,100,0,157.0,15.0,142.0,0.6,7.2
2026-05-05 17:00:00,22.3,85,94,82,93,0,144.0,12.0,132.0,0.8,6.3
2026-05-05 18:00:00,21.8,89,100,96,100,0,52.0,2.0,50.0,0.0,4.8
2026-05-05 19:00:00,21.5,92,100,100,100,0,9.0,0.0,9.0,0.0,4.7
2026-05-05 20:00:00,21.8,90,8,3,5,0,0.0,0.0,0.0,0.0,5.4
2026-05-05 21:00:00,21.4,93,6,4,3,0,0.0,0.0,0.0,0.0,7.4
2026-05-05 22:00:00,21.0,94,9,5,4,0,0.0,0.0,0.0,0.0,7.2
2026-05-05 23:00:00,20.8,95,19,14,5,0,0.0,0.0,0.0,0.0,7.1
2026-05-06 00:00:00,20.5,96,28,27,2,0,0.0,0.0,0.0,0.0,6.5
2026-05-06 01:00:00,20.3,97,45,44,5,0,0.0,0.0,0.0,0.0,5.3
2026-05-06 02:00:00,20.4,98,100,100,40,0,0.0,0.0,0.0,0.0,4.2
2026-05-06 03:00:00,20.9,97,100,100,81,0,0.0,0.0,0.0,0.0,5.1
2026-05-06 04:00:00,21.0,95,100,100,11,0,0.0,0.0,0.0,0.0,5.1
2026-05-06 05:00:00,21.0,95,9,9,1,0,0.0,0.0,0.0,0.0,6.2
2026-05-06 06:00:00,21.0,95,79,79,0,0,0.0,0.0,0.0,0.0,4.6
2026-05-06 07:00:00,21.3,93,91,91,1,0,33.0,10.0,23.0,0.0,6.5
2026-05-06 08:00:00,22.0,87,100,100,4,0,137.0,30.0,107.0,0.0,6.1
2026-05-06 09:00:00,23.1,82,100,100,1,0,261.0,37.0,224.0,0.0,7.5
2026-05-06 10:00:00,23.7,80,100,100,16,0,261.0,7.0,254.0,0.0,7.7
2026-05-06 11:00:00,24.4,78,100,100,2,0,311.0,28.0,283.0,0.0,6.6
2026-05-06 12:00:00,25.3,76,100,100,1,0,395.0,50.0,345.0,0.0,6.1
2026-05-06 13:00:00,26.0,76,100,100,2,0,445.0,83.0,362.0,0.1,6.4
2026-05-06 14:00:00,26.0,75,100,100,0,0,434.0,123.0,311.0,0.1,6.4
2026-05-06 15:00:00,26.6,73,100,100,9,0,418.0,117.0,301.0,0.0,7.3
2026-05-06 16:00:00,26.7,73,94,92,14,0,370.0,111.0,259.0,0.1,11.3
2026-05-06 17:00:00,26.3,76,38,32,8,0,270.0,72.0,198.0,0.0,13.9
2026-05-06 18:00:00,25.7,79,100,100,12,0,144.0,43.0,101.0,0.0,10.5
2026-05-06 19:00:00,25.1,83,100,100,5,0,19.0,0.0,19.0,0.0,9.3
2026-05-06 20:00:00,24.1,87,99,99,3,0,0.0,0.0,0.0,0.0,8.0
2026-05-06 21:00:00,23.9,88,6,5,2,0,0.0,0.0,0.0,0.0,8.8
2026-05-06 22:00:00,23.2,91,12,10,4,0,0.0,0.0,0.0,0.0,9.2
2026-05-06 23:00:00,22.8,93,15,15,1,0,0.0,0.0,0.0,0.0,8.6
2026-05-07 00:00:00,22.6,94,17,16,2,0,0.0,0.0,0.0,0.0,7.5
2026-05-07 01:00:00,22.3,95,20,20,4,0,0.0,0.0,0.0,0.0,6.2
2026-05-07 02:00:00,22.5,96,5,2,0,4,0.0,0.0,0.0,0.0,8.5
2026-05-07 03:00:00,22.4,96,5,2,0,4,0.0,0.0,0.0,0.0,7.3
2026-05-07 04:00:00,22.2,96,10,3,0,8,0.0,0.0,0.0,0.0,6.0
2026-05-07 05:00:00,22.0,97,3,3,0,0,0.0,0.0,0.0,0.0,5.0
2026-05-07 06:00:00,21.6,98,16,14,2,2,0.0,0.0,0.0,0.0,3.8
2026-05-07 07:00:00,22.7,96,53,25,5,37,64.0,24.0,40.0,0.0,5.3
2026-05-07 08:00:00,24.4,90,41,41,1,1,232.0,126.0,106.0,0.0,9.9
2026-05-07 09:00:00,25.9,84,82,78,2,14,405.0,223.0,182.0,0.1,7.9
2026-05-07 10:00:00,26.9,80,37,9,14,18,512.0,308.0,204.0,0.0,7.3
2026-05-07 11:00:00,28.4,72,39,30,10,5,756.0,577.0,179.0,0.3,9.1
2026-05-07 12:00:00,29.5,67,34,20,10,8,806.0,582.0,224.0,0.1,8.5
2026-05-07 13:00:00,30.5,62,38,22,7,16,838.0,634.0,204.0,0.1,8.3
2026-05-07 14:00:00,30.4,60,36,25,10,9,823.0,601.0,222.0,0.1,6.2
2026-05-07 15:00:00,30.6,61,46,6,23,30,718.0,524.0,194.0,0.0,7.2
2026-05-07 16:00:00,29.4,66,82,38,58,44,570.0,411.0,159.0,0.3,9.4
2026-05-07 17:00:00,28.7,69,63,4,9,58,352.0,196.0,156.0,0.3,8.9
2026-05-07 18:00:00,28.0,74,89,6,17,86,155.0,55.0,100.0,0.0,7.6
2026-05-07 19:00:00,26.5,85,100,36,16,100,30.0,5.0,25.0,0.1,3.3
2026-05-07 20:00:00,25.7,88,91,7,5,90,0.0,0.0,0.0,2.5,5.0
2026-05-07 21:00:00,25.5,89,99,6,7,99,0.0,0.0,0.0,0.1,4.3
2026-05-07 22:00:00,25.3,90,100,13,9,100,0.0,0.0,0.0,0.0,4.8
2026-05-07 23:00:00,24.9,92,100,8,9,100,0.0,0.0,0.0,0.0,5.9
2026-05-08 00:00:00,24.5,93,100,50,52,100,0.0,0.0,0.0,0.6,4.2
2026-05-08 01:00:00,24.0,98,100,33,15,100,0.0,0.0,0.0,0.9,2.9
2026-05-08 02:00:00,23.8,96,100,22,20,100,0.0,0.0,0.0,0.8,1.1
2026-05-08 03:00:00,23.7,96,87,16,27,79,0.0,0.0,0.0,0.1,0.6
2026-05-08 04:00:00,23.6,97,99,25,23,99,0.0,0.0,0.0,0.1,1.0
2026-05-08 05:00:00,23.4,97,84,46,72,18,0.0,0.0,0.0,0.1,5.4
2026-05-08 06:00:00,22.7,98,100,100,73,27,0.0,0.0,0.0,3.7,8.4
2026-05-08 07:00:00,23.0,97,56,20,34,21,28.0,0.0,28.0,1.1,5.4
2026-05-08 08:00:00,24.7,95,100,35,100,99,179.0,49.0,130.0,3.4,3.5
2026-05-08 09:00:00,25.0,92,100,100,100,100,149.0,8.0,141.0,0.9,3.7
2026-05-08 10:00:00,25.1,90,100,98,97,100,149.0,0.0,149.0,0.3,6.7
2026-05-08 11:00:00,25.9,86,100,88,72,99,362.0,59.0,303.0,0.2,7.9
2026-05-08 12:00:00,26.6,82,98,30,9,98,418.0,54.0,364.0,0.1,7.6
2026-05-08 13:00:00,27.9,75,100,23,16,100,707.0,322.0,385.0,0.1,7.3
2026-05-08 14:00:00,27.5,76,100,17,42,100,626.0,246.0,380.0,0.1,10.2
2026-05-08 15:00:00,27.3,77,55,33,28,9,458.0,145.0,313.0,0.1,12.1
2026-05-08 16:00:00,27.5,77,71,41,35,23,554.0,345.0,209.0,0.1,11.2
2026-05-08 17:00:00,26.6,80,90,2,23,87,351.0,192.0,159.0,0.0,12.2
2026-05-08 18:00:00,26.2,81,54,0,24,38,166.0,54.0,112.0,0.0,9.9
2026-05-08 19:00:00,25.3,87,100,5,100,6,35.0,8.0,27.0,0.0,5.0
2026-05-08 20:00:00,24.5,93,52,12,25,30,0.0,0.0,0.0,0.0,4.5
2026-05-08 21:00:00,24.7,92,46,12,29,15,0.0,0.0,0.0,0.0,7.7
2026-05-08 22:00:00,24.4,89,76,21,25,59,0.0,0.0,0.0,0.0,11.5
2026-05-08 23:00:00,23.8,88,85,34,62,45,0.0,0.0,0.0,0.0,10.4
2026-05-09 00:00:00,23.5,88,100,100,98,12,0.0,0.0,0.0,0.3,11.6
2026-05-09 01:00:00,23.2,90,100,100,98,25,0.0,0.0,0.0,0.3,13.2
2026-05-09 02:00:00,23.2,88,100,100,100,14,0.0,0.0,0.0,0.7,14.4
2026-05-09 03:00:00,22.7,87,100,96,100,35,0.0,0.0,0.0,0.2,15.0
2026-05-09 04:00:00,22.1,87,100,100,64,16,0.0,0.0,0.0,0.2,12.5
2026-05-09 05:00:00,22.0,86,100,100,77,2,0.0,0.0,0.0,0.0,9.4
2026-05-09 06:00:00,21.6,86,84,19,75,38,0.0,0.0,0.0,2.9,10.6
2026-05-09 07:00:00,21.2,92,100,94,100,27,26.0,6.0,20.0,6.1,9.9
2026-05-09 08:00:00,21.3,90,100,100,100,16,37.0,0.0,37.0,2.4,12.4
2026-05-09 09:00:00,21.9,88,100,100,100,8,121.0,2.0,119.0,0.3,10.3
2026-05-09 10:00:00,22.3,87,100,100,100,46,182.0,0.0,182.0,0.5,9.4
2026-05-09 11:00:00,22.7,86,100,100,100,68,188.0,7.0,181.0,0.6,7.9
2026-05-09 12:00:00,23.6,83,100,100,84,28,260.0,17.0,243.0,0.1,7.5
2026-05-09 13:00:00,24.8,77,100,100,95,84,387.0,45.0,342.0,0.0,8.0
2026-05-09 14:00:00,24.4,78,100,100,94,7,297.0,30.0,267.0,0.1,8.1
2026-05-09 15:00:00,24.7,77,100,100,26,22,219.0,27.0,192.0,0.1,8.9
2026-05-09 16:00:00,24.5,79,100,100,100,45,134.0,14.0,120.0,0.0,8.1
2026-05-09 17:00:00,24.2,81,100,100,100,11,64.0,2.0,62.0,0.2,6.1
2026-05-09 18:00:00,23.8,86,100,100,100,64,34.0,0.0,34.0,0.1,4.7
2026-05-09 19:00:00,23.4,89,100,100,100,95,8.0,0.0,8.0,0.0,4.5
2026-05-09 20:00:00,22.4,91,100,100,66,27,0.0,0.0,0.0,0.0,6.4
2026-05-09 21:00:00,22.3,92,100,100,100,7,0.0,0.0,0.0,0.0,5.5
2026-05-09 22:00:00,22.2,92,100,100,100,13,0.0,0.0,0.0,0.0,4.5
2026-05-09 23:00:00,22.1,93,100,100,84,98,0.0,0.0,0.0,0.0,3.8
2026-05-10 00:00:00,22.0,94,100,100,6,100,0.0,0.0,0.0,0.0,3.6
2026-05-10 01:00:00,21.9,94,100,100,36,74,0.0,0.0,0.0,0.0,3.6
2026-05-10 02:00:00,21.9,95,100,100,41,9,0.0,0.0,0.0,0.0,5.7
2026-05-10 03:00:00,21.8,95,100,100,99,98,0.0,0.0,0.0,0.0,5.1
2026-05-10 04:00:00,21.6,94,100,100,100,44,0.0,0.0,0.0,0.0,5.6
2026-05-10 05:00:00,21.6,94,100,91,100,95,0.0,0.0,0.0,0.0,4.0
2026-05-10 06:00:00,21.6,93,100,25,100,88,0.0,0.0,0.0,0.0,3.6
2026-05-10 07:00:00,21.9,92,85,22,18,77,41.0,2.0,39.0,0.0,3.8
2026-05-10 08:00:00,22.5,91,100,100,100,100,194.0,85.0,109.0,0.0,2.7
2026-05-10 09:00:00,23.6,87,98,84,95,48,189.0,9.0,180.0,0.0,4.7
2026-05-10 10:00:00,25.0,81,100,100,23,31,339.0,76.0,263.0,0.1,6.0
2026-05-10 11:00:00,26.2,74,100,100,13,9,481.0,145.0,336.0,0.2,5.7
2026-05-10 12:00:00,26.8,73,100,100,6,72,472.0,87.0,385.0,0.1,4.4
2026-05-10 13:00:00,27.1,72,100,100,9,100,463.0,65.0,398.0,0.1,4.0
2026-05-10 14:00:00,27.0,71,100,97,52,98,422.0,101.0,321.0,0.0,5.5
2026-05-10 15:00:00,27.6,68,92,68,41,70,424.0,126.0,298.0,0.0,4.5
2026-05-10 16:00:00,27.8,68,95,94,30,5,427.0,196.0,231.0,0.0,3.8
2026-05-10 17:00:00,27.6,68,66,34,45,14,273.0,129.0,144.0,0.0,0.4
2026-05-10 18:00:00,27.3,70,100,20,100,25,157.0,66.0,91.0,0.0,1.7
2026-05-10 19:00:00,26.1,82,99,20,98,97,26.0,4.0,22.0,0.0,1.5
2026-05-10 20:00:00,24.8,86,6,1,5,1,0.0,0.0,0.0,0.0,4.2
2026-05-10 21:00:00,24.2,90,23,5,3,16,0.0,0.0,0.0,0.0,3.8
2026-05-10 22:00:00,23.9,91,6,0,4,2,0.0,0.0,0.0,0.0,5.4
2026-05-10 23:00:00,23.6,92,32,0,3,30,0.0,0.0,0.0,0.0,6.1
2026-05-11 00:00:00,23.4,93,36,0,0,36,0.0,0.0,0.0,0.0,6.6
2026-05-11 01:00:00,23.2,94,97,0,0,97,0.0,0.0,0.0,0.0,5.2
2026-05-11 02:00:00,23.3,93,99,1,9,99,0.0,0.0,0.0,0.0,5.4
2026-05-11 03:00:00,23.3,95,100,4,12,100,0.0,0.0,0.0,0.0,3.6
2026-05-11 04:00:00,23.2,95,86,7,27,81,0.0,0.0,0.0,0.0,3.7
2026-05-11 05:00:00,22.9,96,100,11,52,100,0.0,0.0,0.0,0.0,3.7
2026-05-11 06:00:00,22.9,96,100,20,99,82,0.0,0.0,0.0,0.0,3.8
2026-05-11 07:00:00,23.7,93,100,30,66,100,49.0,10.0,39.0,0.0,6.1
2026-05-11 08:00:00,24.7,88,55,35,20,17,176.0,39.0,137.0,0.0,10.4
2026-05-11 09:00:00,26.1,81,100,43,78,99,386.0,210.0,176.0,0.0,9.1
2026-05-11 10:00:00,27.0,77,100,80,78,99,379.0,130.0,249.0,0.0,7.8
2026-05-11 11:00:00,27.7,74,61,42,11,24,447.0,103.0,344.0,0.2,7.6
2026-05-11 12:00:00,29.2,69,99,34,34,98,770.0,520.0,250.0,0.2,8.5
2026-05-11 13:00:00,29.9,70,100,7,20,100,835.0,537.0,298.0,0.0,9.2
2026-05-11 14:00:00,29.7,64,98,22,13,97,748.0,423.0,325.0,0.0,9.1
2026-05-11 15:00:00,30.5,61,48,17,9,33,715.0,483.0,232.0,0.1,10.0
2026-05-11 16:00:00,30.7,60,67,6,8,63,522.0,363.0,159.0,0.0,9.3
2026-05-11 17:00:00,30.8,59,19,6,8,8,401.0,268.0,133.0,0.0,7.1
2026-05-11 18:00:00,30.4,60,84,5,12,81,205.0,114.0,91.0,0.0,2.3
2026-05-11 19:00:00,28.0,77,23,5,9,10,40.0,11.0,29.0,0.0,4.3
2026-05-11 20:00:00,27.1,84,96,14,5,95,0.0,0.0,0.0,0.0,4.6
2026-05-11 21:00:00,26.5,85,48,20,1,34,0.0,0.0,0.0,0.0,7.5
2026-05-11 22:00:00,25.9,88,8,3,5,0,0.0,0.0,0.0,0.0,9.9
2026-05-11 23:00:00,25.5,91,21,15,10,0,0.0,0.0,0.0,0.0,9.9
2026-05-12 00:00:00,25.2,93,25,5,7,16,0.0,0.0,0.0,0.0,9.5
2026-05-12 01:00:00,24.9,93,92,0,2,91,0.0,0.0,0.0,0.0,9.2
2026-05-12 02:00:00,25.1,93,89,0,5,88,0.0,0.0,0.0,0.0,8.8
2026-05-12 03:00:00,24.9,92,96,0,6,95,0.0,0.0,0.0,0.0,8.7
2026-05-12 04:00:00,24.5,93,97,2,9,96,0.0,0.0,0.0,0.0,7.0
2026-05-12 05:00:00,24.3,94,98,4,1,98,0.0,0.0,0.0,0.0,6.7
2026-05-12 06:00:00,24.2,94,96,9,5,96,1.0,0.0,1.0,0.0,6.4
2026-05-12 07:00:00,25.0,92,66,13,5,61,69.0,25.0,44.0,0.0,6.7
2026-05-12 08:00:00,26.1,88,99,6,0,99,253.0,152.0,101.0,0.0,4.6
2026-05-12 09:00:00,27.6,82,99,9,0,99,464.0,330.0,134.0,0.0,4.2
2026-05-12 10:00:00,28.9,76,52,7,13,44,641.0,461.0,180.0,0.1,4.6
2026-05-12 11:00:00,30.0,69,90,10,16,88,757.0,574.0,183.0,0.2,5.4
2026-05-12 12:00:00,30.8,65,97,15,30,95,798.0,597.0,201.0,0.1,5.8
2026-05-12 13:00:00,31.2,65,100,9,29,100,864.0,666.0,198.0,0.1,5.6
2026-05-12 14:00:00,31.4,59,86,7,9,84,852.0,650.0,202.0,0.0,3.9
2026-05-12 15:00:00,31.9,57,99,5,6,99,763.0,531.0,232.0,0.1,3.7
2026-05-12 16:00:00,31.8,57,99,6,5,99,473.0,186.0,287.0,0.1,3.1
2026-05-12 17:00:00,31.6,57,100,3,3,100,311.0,85.0,226.0,0.0,2.7
2026-05-12 18:00:00,30.9,64,98,2,2,98,162.0,30.0,132.0,0.0,3.6
2026-05-12 19:00:00,29.0,74,95,2,9,95,44.0,8.0,36.0,0.0,5.7
2026-05-12 20:00:00,28.1,83,82,8,4,80,0.0,0.0,0.0,0.0,8.5
2026-05-12 21:00:00,27.1,88,89,13,14,86,0.0,0.0,0.0,0.3,9.3
2026-05-12 22:00:00,27.0,92,95,1,3,95,0.0,0.0,0.0,0.0,8.7
2026-05-12 23:00:00,26.7,94,97,1,4,97,0.0,0.0,0.0,0.0,9.7
2026-05-13 00:00:00,26.5,94,92,2,6,92,0.0,0.0,0.0,0.0,8.6
2026-05-13 01:00:00,26.1,93,98,1,2,98,0.0,0.0,0.0,0.0,8.3
2026-05-13 02:00:00,26.4,90,59,5,2,55,0.0,0.0,0.0,0.0,7.4
2026-05-13 03:00:00,25.7,90,24,8,2,17,0.0,0.0,0.0,0.0,8.1
2026-05-13 04:00:00,25.4,91,9,5,0,5,0.0,0.0,0.0,0.0,8.4
2026-05-13 05:00:00,25.1,93,25,1,0,24,0.0,0.0,0.0,0.0,9.1
2026-05-13 06:00:00,25.0,94,47,3,0,45,1.0,0.0,1.0,0.0,9.2
2026-05-13 07:00:00,25.9,91,71,51,0,41,75.0,29.0,46.0,0.0,12.0
2026-05-13 08:00:00,27.0,85,87,19,13,81,235.0,112.0,123.0,0.0,9.9
2026-05-13 09:00:00,28.3,77,67,5,14,60,411.0,218.0,193.0,0.0,12.2
2026-05-13 10:00:00,29.8,68,52,22,13,30,609.0,402.0,207.0,0.0,14.4
2026-05-13 11:00:00,31.1,64,26,4,2,22,779.0,551.0,228.0,0.0,14.0
2026-05-13 12:00:00,32.0,62,17,2,2,15,882.0,650.0,232.0,0.0,15.0
2026-05-13 13:00:00,32.3,62,20,4,5,14,900.0,684.0,216.0,0.0,16.5
2026-05-13 14:00:00,32.4,59,61,18,11,47,883.0,676.0,207.0,0.0,13.7
2026-05-13 15:00:00,31.8,59,98,20,55,95,708.0,460.0,248.0,0.3,14.3
2026-05-13 16:00:00,31.1,61,90,16,2,88,344.0,75.0,269.0,0.2,7.9
2026-05-13 17:00:00,31.4,60,97,63,2,91,312.0,109.0,203.0,0.0,10.7
2026-05-13 18:00:00,30.4,67,94,19,13,92,162.0,37.0,125.0,0.0,10.0
2026-05-13 19:00:00,29.0,73,98,7,16,98,37.0,6.0,31.0,0.0,9.6
2026-05-13 20:00:00,28.2,78,100,3,100,70,0.0,0.0,0.0,0.0,10.5
2026-05-13 21:00:00,27.9,78,99,2,98,58,0.0,0.0,0.0,0.0,14.8
2026-05-13 22:00:00,27.3,80,100,2,100,59,0.0,0.0,0.0,0.0,13.2
2026-05-13 23:00:00,27.0,83,100,0,100,42,0.0,0.0,0.0,0.0,11.7
2026-05-14 00:00:00,26.7,86,70,2,59,38,0.0,0.0,0.0,0.0,10.1
2026-05-14 01:00:00,26.4,88,46,3,43,16,0.0,0.0,0.0,0.0,10.1
2026-05-14 02:00:00,26.9,87,45,1,20,30,0.0,0.0,0.0,0.0,12.9
2026-05-14 03:00:00,26.6,89,25,2,20,5,0.0,0.0,0.0,0.0,10.9
2026-05-14 04:00:00,26.3,90,30,5,27,0,0.0,0.0,0.0,0.0,8.7
2026-05-14 05:00:00,26.2,91,50,8,48,0,0.0,0.0,0.0,0.0,8.8
2026-05-14 06:00:00,26.2,91,55,7,52,0,1.0,0.0,1.0,0.0,11.4
2026-05-14 07:00:00,26.9,88,62,48,26,0,57.0,16.0,41.0,0.0,15.3
2026-05-14 08:00:00,28.5,79,65,13,3,59,200.0,80.0,120.0,0.0,16.1
2026-05-14 09:00:00,29.0,80,65,18,5,55,310.0,145.0,165.0,0.4,12.5
2026-05-14 10:00:00,28.8,83,35,18,9,16,502.0,272.0,230.0,1.7,11.1
2026-05-14 11:00:00,30.2,76,73,70,3,6,703.0,463.0,240.0,0.7,10.3
2026-05-14 12:00:00,28.2,81,99,90,89,85,721.0,457.0,264.0,2.9,19.6
2026-05-14 13:00:00,27.0,88,99,2,6,99,376.0,90.0,286.0,3.4,10.4
2026-05-14 14:00:00,25.8,97,99,0,51,98,257.0,29.0,228.0,2.2,8.5
2026-05-14 15:00:00,27.3,88,83,14,75,30,352.0,96.0,256.0,1.0,9.4
2026-05-14 16:00:00,28.9,78,9,5,2,3,491.0,239.0,252.0,0.1,12.4
2026-05-14 17:00:00,29.1,75,75,7,10,70,396.0,242.0,154.0,0.0,11.5
2026-05-14 18:00:00,27.9,82,43,20,13,24,161.0,57.0,104.0,0.3,9.1
2026-05-14 19:00:00,27.3,87,25,6,5,16,42.0,10.0,32.0,0.0,3.6
2026-05-14 20:00:00,26.4,93,34,16,3,20,0.0,0.0,0.0,0.1,7.3
2026-05-14 21:00:00,26.3,93,30,9,16,12,0.0,0.0,0.0,0.0,4.9
2026-05-14 22:00:00,26.1,95,22,17,8,1,0.0,0.0,0.0,0.0,5.2
2026-05-14 23:00:00,25.9,94,34,27,7,3,0.0,0.0,0.0,0.0,9.3
2026-05-15 00:00:00,25.6,95,51,15,7,38,0.0,0.0,0.0,0.1,9.2
2026-05-15 01:00:00,24.6,98,100,100,17,37,0.0,0.0,0.0,1.0,3.1
2026-05-15 02:00:00,24.2,96,11,0,2,9,0.0,0.0,0.0,0.8,8.6
2026-05-15 03:00:00,23.8,98,44,30,21,2,0.0,0.0,0.0,0.0,6.9
2026-05-15 04:00:00,23.6,98,86,66,27,47,0.0,0.0,0.0,1.4,7.3
2026-05-15 05:00:00,23.8,98,48,38,11,6,0.0,0.0,0.0,0.3,9.1
2026-05-15 06:00:00,23.6,99,100,100,7,20,1.0,0.0,1.0,0.0,9.6
2026-05-15 07:00:00,24.2,98,100,100,13,27,47.0,2.0,45.0,0.2,9.1
2026-05-15 08:00:00,26.4,91,87,48,8,72,108.0,16.0,92.0,0.2,4.2
2026-05-15 09:00:00,27.7,83,76,9,2,73,371.0,173.0,198.0,0.0,2.7
2026-05-15 10:00:00,28.7,77,31,6,23,5,463.0,201.0,262.0,0.0,5.3
2026-05-15 11:00:00,29.6,72,77,2,75,7,570.0,261.0,309.0,0.0,4.7
2026-05-15 12:00:00,28.5,80,88,2,84,23,631.0,265.0,366.0,1.6,6.6
2026-05-15 13:00:00,28.2,84,95,16,89,53,373.0,85.0,288.0,3.8,4.3
2026-05-15 14:00:00,29.1,77,67,1,20,59,487.0,186.0,301.0,1.9,10.6
2026-05-15 15:00:00,28.4,78,88,42,11,77,715.0,500.0,215.0,1.4,15.8
2026-05-15 16:00:00,28.2,81,69,4,4,66,502.0,280.0,222.0,0.5,10.9
2026-05-15 17:00:00,28.3,79,72,8,2,69,373.0,208.0,165.0,0.2,12.7
2026-05-15 18:00:00,26.4,87,93,48,38,80,176.0,66.0,110.0,0.8,12.2
2026-05-15 19:00:00,26.0,93,97,34,9,95,35.0,7.0,28.0,1.3,5.4
2026-05-15 20:00:00,26.7,87,98,25,16,97,0.0,0.0,0.0,0.8,11.7
2026-05-15 21:00:00,26.0,90,95,8,17,95,0.0,0.0,0.0,0.2,14.0
2026-05-15 22:00:00,25.7,91,98,12,34,96,0.0,0.0,0.0,0.0,11.8
2026-05-15 23:00:00,25.3,92,66,36,29,27,0.0,0.0,0.0,0.0,11.9
2026-05-16 00:00:00,25.1,93,45,29,11,14,0.0,0.0,0.0,0.1,11.3
2026-05-16 01:00:00,24.8,94,76,63,15,24,0.0,0.0,0.0,0.1,11.3
2026-05-16 02:00:00,25.1,94,61,13,35,33,0.0,0.0,0.0,0.0,9.6
2026-05-16 03:00:00,24.8,94,67,27,35,48,0.0,0.0,0.0,0.1,8.7
2026-05-16 04:00:00,24.6,95,100,13,100,27,0.0,0.0,0.0,0.0,9.9
2026-05-16 05:00:00,24.5,94,95,11,93,24,0.0,0.0,0.0,0.0,14.0
2026-05-16 06:00:00,24.3,93,100,25,100,29,0.0,0.0,0.0,0.0,14.5
2026-05-16 07:00:00,24.6,88,84,23,19,76,57.0,13.0,44.0,0.0,14.2
2026-05-16 08:00:00,26.0,85,51,12,3,43,170.0,47.0,123.0,0.0,15.7
2026-05-16 09:00:00,27.2,79,47,20,25,18,456.0,302.0,154.0,0.1,16.2
2026-05-16 10:00:00,28.0,74,91,59,33,69,538.0,326.0,212.0,0.0,18.4
2026-05-16 11:00:00,28.9,70,76,66,27,8,578.0,240.0,338.0,0.0,19.0
2026-05-16 12:00:00,29.2,69,77,15,35,61,631.0,330.0,301.0,0.0,19.0
2026-05-16 13:00:00,29.4,69,95,41,56,81,721.0,389.0,332.0,0.2,19.6
2026-05-16 14:00:00,28.5,68,98,16,52,95,657.0,328.0,329.0,0.3,17.0
2026-05-16 15:00:00,28.7,67,100,16,96,100,351.0,65.0,286.0,0.0,16.6
2026-05-16 16:00:00,28.3,68,100,28,56,100,271.0,30.0,241.0,0.0,17.5
2026-05-16 17:00:00,27.9,70,90,27,34,79,208.0,39.0,169.0,0.0,17.3
2026-05-16 18:00:00,27.1,76,88,11,73,50,151.0,45.0,106.0,0.1,16.3
2026-05-16 19:00:00,26.2,79,65,6,56,14,34.0,7.0,27.0,0.0,16.8
2026-05-16 20:00:00,25.9,80,100,12,100,35,0.0,0.0,0.0,0.0,15.6
2026-05-16 21:00:00,25.1,81,99,38,98,14,0.0,0.0,0.0,0.0,16.6
2026-05-16 22:00:00,24.5,83,98,11,98,2,0.0,0.0,0.0,0.0,17.1
2026-05-16 23:00:00,24.2,83,55,20,46,1,0.0,0.0,0.0,0.0,16.9
2026-05-17 00:00:00,23.9,84,95,45,91,0,0.0,0.0,0.0,0.0,15.0
2026-05-17 01:00:00,23.7,84,100,23,100,7,0.0,0.0,0.0,0.0,14.3
2026-05-17 02:00:00,24.0,83,77,13,69,16,0.0,0.0,0.0,0.0,15.0
2026-05-17 03:00:00,23.6,84,100,5,100,23,0.0,0.0,0.0,0.0,13.9
2026-05-17 04:00:00,23.5,84,100,7,100,1,0.0,0.0,0.0,0.0,13.7
2026-05-17 05:00:00,23.4,83,45,6,40,2,0.0,0.0,0.0,0.0,15.0
2026-05-17 06:00:00,23.2,83,97,11,96,13,1.0,0.0,1.0,0.0,14.7
2026-05-17 07:00:00,23.7,82,87,8,74,46,68.0,19.0,49.0,0.0,14.1
2026-05-17 08:00:00,24.9,79,65,37,27,31,177.0,43.0,134.0,0.0,13.4
2026-05-17 09:00:00,25.6,77,88,26,13,81,381.0,177.0,204.0,0.0,15.3
2026-05-17 10:00:00,26.4,75,99,73,10,96,507.0,249.0,258.0,0.0,20.7
2026-05-17 11:00:00,27.0,73,100,100,47,79,549.0,148.0,401.0,0.0,20.1
2026-05-17 12:00:00,27.2,73,94,88,13,48,440.0,81.0,359.0,0.0,19.7
2026-05-17 13:00:00,28.0,69,88,42,38,66,538.0,138.0,400.0,0.2,19.0
2026-05-17 14:00:00,27.4,71,100,37,100,85,723.0,436.0,287.0,0.3,18.9
2026-05-17 15:00:00,27.6,70,98,21,97,35,247.0,9.0,238.0,0.1,16.0
2026-05-17 16:00:00,27.4,72,100,100,100,16,388.0,121.0,267.0,0.2,18.4
2026-05-17 17:00:00,25.6,85,88,17,83,13,126.0,4.0,122.0,1.0,13.9
2026-05-17 18:00:00,25.7,82,63,28,23,32,103.0,15.0,88.0,0.0,16.1
2026-05-17 19:00:00,25.3,82,100,100,40,3,44.0,11.0,33.0,0.0,15.5
2026-05-17 20:00:00,24.8,88,100,100,72,20,0.0,0.0,0.0,0.0,11.9
2026-05-17 21:00:00,24.6,88,100,100,100,25,0.0,0.0,0.0,0.2,12.9
2026-05-17 22:00:00,24.4,88,100,100,36,63,0.0,0.0,0.0,0.4,13.6
2026-05-17 23:00:00,24.6,85,100,100,13,39,0.0,0.0,0.0,0.0,15.2
2026-05-18 00:00:00,24.6,84,87,74,20,44,0.0,0.0,0.0,0.0,14.3
2026-05-18 01:00:00,24.3,84,96,73,24,85,0.0,0.0,0.0,0.0,11.9
2026-05-18 02:00:00,24.4,85,100,100,100,2,0.0,0.0,0.0,0.0,12.0
2026-05-18 03:00:00,24.3,86,76,74,9,0,0.0,0.0,0.0,0.0,11.5
2026-05-18 04:00:00,24.2,87,100,100,60,1,0.0,0.0,0.0,0.0,11.7
2026-05-18 05:00:00,24.1,88,100,100,100,10,0.0,0.0,0.0,0.0,12.2
2026-05-18 06:00:00,24.1,88,100,100,80,1,1.0,0.0,1.0,0.0,12.0
2026-05-18 07:00:00,24.2,88,100,98,98,2,16.0,0.0,16.0,0.1,12.1
2026-05-18 08:00:00,24.2,94,100,100,100,35,101.0,7.0,94.0,0.3,13.4
2026-05-18 09:00:00,24.5,95,100,100,96,29,82.0,0.0,82.0,0.9,13.9
2026-05-18 10:00:00,25.2,93,100,55,100,16,199.0,1.0,198.0,0.7,13.6
2026-05-18 11:00:00,26.8,81,97,77,79,40,421.0,108.0,313.0,0.5,20.3
2026-05-18 12:00:00,27.0,77,100,38,100,82,450.0,118.0,332.0,0.7,19.7
2026-05-18 13:00:00,28.3,71,99,28,98,74,609.0,219.0,390.0,0.1,20.5
2026-05-18 14:00:00,27.5,73,100,95,100,5,473.0,145.0,328.0,0.0,18.1
2026-05-18 15:00:00,27.6,74,100,38,100,0,347.0,58.0,289.0,0.1,18.2
2026-05-18 16:00:00,27.0,77,100,25,100,30,241.0,21.0,220.0,0.2,17.7
2026-05-18 17:00:00,25.8,88,98,6,98,67,166.0,24.0,142.0,1.5,14.8
2026-05-18 18:00:00,25.4,91,73,8,45,49,64.0,2.0,62.0,0.5,13.0
2026-05-18 19:00:00,25.1,92,100,12,100,100,41.0,9.0,32.0,0.3,13.4
2026-05-18 20:00:00,25.3,91,99,9,99,83,0.0,0.0,0.0,0.3,12.0
2026-05-18 21:00:00,25.1,91,100,15,100,98,0.0,0.0,0.0,0.2,13.4
2026-05-18 22:00:00,24.8,93,84,15,41,77,0.0,0.0,0.0,1.3,12.0
2026-05-18 23:00:00,24.5,94,98,29,84,79,0.0,0.0,0.0,0.0,9.9
2026-05-19 00:00:00,24.4,95,99,20,30,99,0.0,0.0,0.0,0.0,10.3
2026-05-19 01:00:00,24.1,95,100,88,100,97,0.0,0.0,0.0,0.1,10.3
2026-05-19 02:00:00,24.7,94,100,100,100,64,0.0,0.0,0.0,0.1,12.5
2026-05-19 03:00:00,24.4,96,100,100,100,58,0.0,0.0,0.0,0.5,12.7
2026-05-19 04:00:00,24.3,95,100,100,99,55,0.0,0.0,0.0,0.1,13.6
2026-05-19 05:00:00,24.2,95,89,19,66,62,0.0,0.0,0.0,0.0,14.8
2026-05-19 06:00:00,24.2,95,95,41,88,53,1.0,0.0,1.0,0.0,13.2
2026-05-19 07:00:00,24.7,92,100,54,98,87,39.0,3.0,36.0,0.1,13.2
2026-05-19 08:00:00,25.3,91,100,98,100,99,95.0,5.0,90.0,0.4,14.6
2026-05-19 09:00:00,24.9,96,100,100,100,100,91.0,0.0,91.0,1.7,13.9
2026-05-19 10:00:00,24.8,96,100,87,100,100,62.0,0.0,62.0,3.8,16.2
2026-05-19 11:00:00,25.0,95,100,31,100,100,89.0,0.0,89.0,3.4,17.6
2026-05-19 12:00:00,25.3,95,100,10,98,100,156.0,0.0,156.0,3.3,15.9
2026-05-19 13:00:00,25.3,96,100,30,100,100,91.0,0.0,91.0,3.8,14.2
2026-05-19 14:00:00,25.2,93,100,27,100,100,168.0,0.0,168.0,3.0,12.8
2026-05-19 15:00:00,25.3,95,100,13,59,100,90.0,0.0,90.0,1.3,10.9
2026-05-19 16:00:00,25.7,95,100,5,55,100,180.0,3.0,177.0,1.4,9.3
2026-05-19 17:00:00,25.5,96,100,2,91,100,75.0,0.0,75.0,0.9,7.7
2026-05-19 18:00:00,25.4,97,100,9,3,100,58.0,0.0,58.0,0.2,9.7
2026-05-19 19:00:00,25.1,97,100,7,1,100,23.0,0.0,23.0,0.3,10.2
2026-05-19 20:00:00,25.4,95,90,8,2,89,0.0,0.0,0.0,0.2,9.2
2026-05-19 21:00:00,24.8,96,83,32,12,74,0.0,0.0,0.0,0.2,10.1
2026-05-19 22:00:00,24.8,97,45,13,18,32,0.0,0.0,0.0,0.0,10.9
2026-05-19 23:00:00,24.7,97,56,20,29,31,0.0,0.0,0.0,0.0,10.2
2026-05-20 00:00:00,24.6,96,82,43,63,33,0.0,0.0,0.0,0.1,11.5
2026-05-20 01:00:00,24.4,96,80,42,48,52,0.0,0.0,0.0,0.4,10.4
2026-05-20 02:00:00,24.9,96,99,84,95,88,0.0,0.0,0.0,0.2,12.0
2026-05-20 03:00:00,24.8,96,90,20,23,84,0.0,0.0,0.0,0.7,10.5
2026-05-20 04:00:00,24.9,96,98,45,89,84,0.0,0.0,0.0,0.6,11.4
2026-05-20 05:00:00,24.8,96,100,9,100,98,0.0,0.0,0.0,1.5,9.8
2026-05-20 06:00:00,24.6,96,100,70,100,99,0.0,0.0,0.0,1.1,11.5
2026-05-20 07:00:00,24.6,96,100,36,52,99,25.0,0.0,25.0,1.4,14.3
2026-05-20 08:00:00,25.3,96,100,0,100,100,109.0,3.0,106.0,2.2,11.5
2026-05-20 09:00:00,25.5,96,100,6,100,100,46.0,0.0,46.0,2.6,9.0
2026-05-20 10:00:00,26.5,92,100,17,80,99,176.0,5.0,171.0,1.0,10.1
2026-05-20 11:00:00,26.8,91,100,8,100,100,291.0,50.0,241.0,1.4,11.3
2026-05-20 12:00:00,26.7,92,100,5,100,96,264.0,19.0,245.0,1.7,9.6
2026-05-20 13:00:00,26.7,92,99,5,45,99,256.0,4.0,252.0,0.8,9.3
2026-05-20 14:00:00,28.1,84,99,98,32,71,433.0,60.0,373.0,0.1,10.0
2026-05-20 15:00:00,26.3,93,100,22,99,100,364.0,65.0,299.0,7.8,13.2
2026-05-20 16:00:00,26.4,93,100,16,72,100,132.0,15.0,117.0,0.7,8.9
2026-05-20 17:00:00,26.7,92,99,7,18,99,121.0,0.0,121.0,0.2,6.5
2026-05-20 18:00:00,26.9,91,99,32,24,99,140.0,24.0,116.0,0.4,7.5
2026-05-20 19:00:00,25.6,95,100,12,17,100,21.0,0.0,21.0,1.5,8.8
2026-05-20 20:00:00,26.0,97,100,0,100,100,0.0,0.0,0.0,0.6,10.9
2026-05-20 21:00:00,25.5,96,100,5,100,100,0.0,0.0,0.0,5.5,12.3
2026-05-20 22:00:00,25.6,97,100,5,93,100,0.0,0.0,0.0,2.8,12.0
2026-05-20 23:00:00,25.2,98,100,0,9,100,0.0,0.0,0.0,1.6,11.0
2026-05-21 00:00:00,24.8,98,100,13,88,100,0.0,0.0,0.0,1.1,10.8
2026-05-21 01:00:00,24.8,98,100,10,1,100,0.0,0.0,0.0,1.6,9.1
2026-05-21 02:00:00,25.8,96,100,0,100,100,0.0,0.0,0.0,0.1,10.2
2026-05-21 03:00:00,25.6,95,100,6,95,100,0.0,0.0,0.0,0.1,9.2
2026-05-21 04:00:00,25.4,95,97,5,22,96,0.0,0.0,0.0,0.2,8.8
2026-05-21 05:00:00,25.1,97,100,15,46,99,0.0,0.0,0.0,0.0,7.5
2026-05-21 06:00:00,24.9,97,100,27,88,97,1.0,0.0,1.0,0.9,1.0
2026-05-21 07:00:00,24.8,99,100,97,92,94,24.0,3.0,21.0,5.6,9.7
2026-05-21 08:00:00,26.2,96,100,48,100,78,73.0,3.0,70.0,3.5,6.7
2026-05-21 09:00:00,26.7,93,98,36,77,95,232.0,56.0,176.0,0.8,8.1
2026-05-21 10:00:00,27.8,87,100,100,29,91,414.0,137.0,277.0,0.5,9.6
2026-05-21 11:00:00,28.8,84,98,2,11,98,399.0,77.0,322.0,0.2,8.7
2026-05-21 12:00:00,28.5,83,100,23,98,100,663.0,265.0,398.0,3.2,20.5
2026-05-21 13:00:00,26.9,93,99,13,10,99,178.0,11.0,167.0,1.6,6.0
2026-05-21 14:00:00,29.5,75,100,2,100,100,406.0,63.0,343.0,0.4,17.8
2026-05-21 15:00:00,28.5,83,98,0,23,98,297.0,47.0,250.0,1.0,11.7
2026-05-21 16:00:00,26.9,90,100,48,91,99,266.0,35.0,231.0,2.9,15.0
2026-05-21 17:00:00,26.9,92,100,4,7,100,117.0,13.0,104.0,0.5,7.6
2026-05-21 18:00:00,27.2,90,100,4,33,100,100.0,7.0,93.0,0.2,11.6
2026-05-21 19:00:00,26.8,92,100,3,62,100,25.0,0.0,25.0,0.2,11.0
2026-05-21 20:00:00,26.0,95,100,6,100,100,0.0,0.0,0.0,0.1,5.9
2026-05-21 21:00:00,25.7,96,100,2,100,100,0.0,0.0,0.0,2.3,7.0
2026-05-21 22:00:00,25.6,96,100,0,11,100,0.0,0.0,0.0,1.1,9.3
2026-05-21 23:00:00,25.4,96,100,0,1,100,0.0,0.0,0.0,0.7,10.5
2026-05-22 00:00:00,25.3,97,100,0,0,100,0.0,0.0,0.0,1.1,9.0
2026-05-22 01:00:00,25.3,98,100,2,71,100,0.0,0.0,0.0,1.3,6.7
2026-05-22 02:00:00,25.3,96,100,0,14,100,0.0,0.0,0.0,0.9,7.0
2026-05-22 03:00:00,25.1,96,100,0,44,100,0.0,0.0,0.0,0.4,7.6
2026-05-22 04:00:00,25.2,96,93,0,40,91,0.0,0.0,0.0,0.1,8.3
2026-05-22 05:00:00,25.0,97,99,0,20,98,0.0,0.0,0.0,0.0,8.7
2026-05-22 06:00:00,25.0,97,99,1,7,99,1.0,0.0,1.0,0.0,8.3
2026-05-22 07:00:00,25.8,97,98,5,4,98,59.0,8.0,51.0,0.0,8.2
2026-05-22 08:00:00,27.5,90,98,18,28,98,224.0,80.0,144.0,0.0,12.1
2026-05-22 09:00:00,28.7,84,96,22,29,94,292.0,91.0,201.0,0.2,11.1
2026-05-22 10:00:00,29.7,76,97,13,10,96,383.0,113.0,270.0,0.1,14.5
2026-05-22 11:00:00,31.0,68,98,18,19,97,486.0,152.0,334.0,0.0,16.4
2026-05-22 12:00:00,31.9,62,98,11,6,98,555.0,147.0,408.0,0.0,18.2
2026-05-22 13:00:00,32.7,59,95,9,8,95,717.0,314.0,403.0,0.0,19.7
2026-05-22 14:00:00,32.6,52,98,7,16,98,649.0,255.0,394.0,0.2,20.6
2026-05-22 15:00:00,31.5,61,98,4,15,98,469.0,140.0,329.0,0.2,17.7
2026-05-22 16:00:00,31.7,61,99,2,6,99,434.0,132.0,302.0,0.0,16.6
2026-05-22 17:00:00,30.8,67,99,4,14,98,219.0,38.0,181.0,0.0,12.7
2026-05-22 18:00:00,30.1,69,100,1,2,100,153.0,21.0,132.0,0.0,13.8
2026-05-22 19:00:00,28.9,74,98,0,2,98,31.0,3.0,28.0,0.0,12.3
2026-05-22 20:00:00,28.3,77,53,0,3,52,0.0,0.0,0.0,0.0,14.8
2026-05-22 21:00:00,27.8,80,70,0,13,67,0.0,0.0,0.0,0.0,12.8
2026-05-22 22:00:00,27.5,82,91,0,16,91,0.0,0.0,0.0,0.0,12.4
2026-05-22 23:00:00,27.2,84,38,0,3,36,0.0,0.0,0.0,0.0,11.0
2026-05-23 00:00:00,26.7,87,29,0,10,22,0.0,0.0,0.0,0.0,9.4
2026-05-23 01:00:00,26.6,89,19,1,6,13,0.0,0.0,0.0,0.0,9.5
2026-05-23 02:00:00,26.9,88,27,2,13,16,0.0,0.0,0.0,0.0,9.0
2026-05-23 03:00:00,26.5,90,67,4,19,58,0.0,0.0,0.0,0.0,8.1
2026-05-23 04:00:00,26.2,91,65,2,27,55,0.0,0.0,0.0,0.2,9.1
2026-05-23 05:00:00,25.9,93,70,9,39,61,0.0,0.0,0.0,0.6,8.9
2026-05-23 06:00:00,25.5,96,79,41,20,61,1.0,0.0,1.0,0.9,6.7
2026-05-23 07:00:00,25.9,97,100,100,27,84,58.0,12.0,46.0,0.5,10.8
2026-05-23 08:00:00,27.7,88,95,5,27,95,174.0,40.0,134.0,0.2,11.3
2026-05-23 09:00:00,28.7,82,91,16,44,88,244.0,64.0,180.0,0.0,12.1
2026-05-23 10:00:00,30.0,76,90,21,23,86,432.0,172.0,260.0,0.0,14.6
2026-05-23 11:00:00,31.2,71,59,16,4,50,581.0,233.0,348.0,0.1,14.6
2026-05-23 12:00:00,31.8,69,98,66,5,93,798.0,456.0,342.0,0.6,16.1
2026-05-23 13:00:00,28.1,86,98,9,1,98,382.0,82.0,300.0,2.5,12.9
2026-05-23 14:00:00,29.9,78,98,10,3,98,320.0,42.0,278.0,0.2,11.9
2026-05-23 15:00:00,30.7,74,99,6,3,98,502.0,140.0,362.0,0.5,14.0
2026-05-23 16:00:00,30.6,73,96,13,2,95,375.0,64.0,311.0,0.5,10.7
2026-05-23 17:00:00,30.8,70,98,3,2,98,230.0,56.0,174.0,0.0,11.0
2026-05-23 18:00:00,30.1,74,96,6,6,95,123.0,18.0,105.0,0.0,9.4
2026-05-23 19:00:00,28.9,80,95,8,1,95,40.0,7.0,33.0,0.0,8.9
2026-05-23 20:00:00,28.0,87,99,11,9,98,0.0,0.0,0.0,0.0,6.6
2026-05-23 21:00:00,27.6,89,99,4,1,99,0.0,0.0,0.0,0.0,9.8
2026-05-23 22:00:00,27.4,90,98,1,0,98,0.0,0.0,0.0,0.0,12.8
2026-05-23 23:00:00,27.4,91,99,1,1,99,0.0,0.0,0.0,0.0,13.4
2026-05-24 00:00:00,27.3,92,98,4,0,98,0.0,0.0,0.0,0.0,12.4
2026-05-24 01:00:00,27.1,92,93,8,0,93,0.0,0.0,0.0,0.0,12.2
2026-05-24 02:00:00,27.3,90,81,4,2,80,0.0,0.0,0.0,0.0,12.4
2026-05-24 03:00:00,27.1,90,92,3,5,92,0.0,0.0,0.0,0.0,11.4
2026-05-24 04:00:00,26.9,91,99,2,2,99,0.0,0.0,0.0,0.0,10.8
2026-05-24 05:00:00,26.8,92,86,2,6,84,0.0,0.0,0.0,0.0,10.9
2026-05-24 06:00:00,26.6,93,92,5,2,91,2.0,0.0,2.0,0.0,8.9
2026-05-24 07:00:00,27.6,89,91,43,1,84,77.0,23.0,54.0,0.0,10.4
2026-05-24 08:00:00,29.2,81,60,10,9,52,227.0,96.0,131.0,0.1,12.9
2026-05-24 09:00:00,30.1,77,70,4,14,64,435.0,272.0,163.0,0.0,13.2
2026-05-24 10:00:00,31.3,73,71,5,11,66,594.0,396.0,198.0,0.0,13.7
2026-05-24 11:00:00,32.6,67,77,9,5,73,780.0,556.0,224.0,0.1,17.2
2026-05-24 12:00:00,33.3,63,69,8,10,63,827.0,599.0,228.0,0.1,18.3
2026-05-24 13:00:00,33.3,63,82,10,13,78,795.0,538.0,257.0,0.1,18.3
2026-05-24 14:00:00,33.7,58,98,9,11,98,812.0,536.0,276.0,0.1,17.6
2026-05-24 15:00:00,33.5,59,99,16,16,99,715.0,432.0,283.0,0.1,19.2
2026-05-24 16:00:00,32.9,62,99,2,5,99,517.0,257.0,260.0,0.1,18.4
2026-05-24 17:00:00,32.3,65,98,1,2,98,344.0,137.0,207.0,0.0,17.2
2026-05-24 18:00:00,31.3,68,98,0,2,98,200.0,69.0,131.0,0.0,16.3
2026-05-24 19:00:00,30.0,73,98,0,1,98,50.0,10.0,40.0,0.0,14.0
2026-05-24 20:00:00,29.5,76,89,0,1,89,0.0,0.0,0.0,0.0,14.4
2026-05-24 21:00:00,28.8,83,85,0,0,85,0.0,0.0,0.0,0.0,15.0
2026-05-24 22:00:00,28.1,89,89,0,0,89,0.0,0.0,0.0,0.0,14.8
2026-05-24 23:00:00,27.8,92,76,0,0,76,0.0,0.0,0.0,0.0,13.8
2026-05-25 00:00:00,27.6,92,52,1,0,51,0.0,0.0,0.0,0.0,12.7
2026-05-25 01:00:00,27.5,93,78,2,0,78,0.0,0.0,0.0,0.0,13.3
2026-05-25 02:00:00,27.7,93,32,1,0,31,0.0,0.0,0.0,0.0,12.9
2026-05-25 03:00:00,27.4,92,58,4,0,55,0.0,0.0,0.0,0.0,12.8
2026-05-25 04:00:00,27.2,92,89,7,0,88,0.0,0.0,0.0,0.0,12.7
2026-05-25 05:00:00,27.1,91,55,7,0,52,0.0,0.0,0.0,0.0,12.6
2026-05-25 06:00:00,27.1,91,19,14,0,5,2.0,0.0,2.0,0.0,12.2
2026-05-25 07:00:00,28.1,87,32,30,0,2,82.0,31.0,51.0,0.0,14.8
2026-05-25 08:00:00,29.2,81,18,3,6,10,236.0,104.0,132.0,0.0,14.9
2026-05-25 09:00:00,30.4,76,41,12,2,33,452.0,301.0,151.0,0.0,18.1
2026-05-25 10:00:00,31.7,71,16,10,3,5,636.0,443.0,193.0,0.0,18.2
2026-05-25 11:00:00,32.9,66,14,3,3,8,804.0,630.0,174.0,0.0,17.9
2026-05-25 12:00:00,33.5,63,24,3,1,22,882.0,682.0,200.0,0.0,19.1
2026-05-25 13:00:00,34.0,62,13,2,2,10,910.0,722.0,188.0,0.0,19.6
2026-05-25 14:00:00,33.9,59,7,1,4,3,882.0,700.0,182.0,0.0,16.7
2026-05-25 15:00:00,34.0,59,9,1,2,7,795.0,631.0,164.0,0.0,17.4
2026-05-25 16:00:00,33.8,61,25,19,3,6,647.0,502.0,145.0,0.0,18.6
2026-05-25 17:00:00,33.0,64,9,5,2,3,421.0,279.0,142.0,0.0,18.2
2026-05-25 18:00:00,31.9,69,4,2,1,2,239.0,148.0,91.0,0.0,16.6
2026-05-25 19:00:00,30.2,77,2,1,1,1,63.0,30.0,33.0,0.0,14.9
2026-05-25 20:00:00,29.7,79,8,4,3,1,0.0,0.0,0.0,0.0,12.1
2026-05-25 21:00:00,29.0,83,2,0,2,0,0.0,0.0,0.0,0.0,11.4
2026-05-25 22:00:00,28.4,86,16,0,0,16,0.0,0.0,0.0,0.0,12.0
2026-05-25 23:00:00,27.9,89,2,2,0,1,0.0,0.0,0.0,0.0,12.3
2026-05-26 00:00:00,27.7,90,1,1,0,0,0.0,0.0,0.0,0.0,12.9
2026-05-26 01:00:00,27.5,91,30,8,0,23,0.0,0.0,0.0,0.0,12.4
2026-05-26 02:00:00,27.7,92,66,8,0,63,0.0,0.0,0.0,0.0,10.1
2026-05-26 03:00:00,27.4,93,48,3,0,47,0.0,0.0,0.0,0.0,9.1
2026-05-26 04:00:00,27.3,93,59,3,0,59,0.0,0.0,0.0,0.0,8.7
2026-05-26 05:00:00,27.2,94,88,5,0,87,0.0,0.0,0.0,0.0,7.5
2026-05-26 06:00:00,27.1,95,89,5,0,89,2.0,0.0,2.0,0.0,8.4
2026-05-26 07:00:00,28.2,91,73,13,0,69,81.0,27.0,54.0,0.0,10.8
2026-05-26 08:00:00,29.7,82,29,28,0,2,260.0,143.0,117.0,0.0,12.3
2026-05-26 09:00:00,30.9,75,84,52,1,66,450.0,289.0,161.0,0.0,12.5
2026-05-26 10:00:00,31.9,71,95,84,4,65,558.0,295.0,263.0,0.0,12.8
2026-05-26 11:00:00,32.9,68,88,6,16,85,698.0,384.0,314.0,0.0,13.0
2026-05-26 12:00:00,33.4,68,94,7,14,92,845.0,596.0,249.0,0.1,13.9
2026-05-26 13:00:00,33.9,65,85,19,31,73,767.0,497.0,270.0,0.3,15.4
2026-05-26 14:00:00,34.7,57,27,9,11,13,764.0,469.0,295.0,0.3,12.5
2026-05-26 15:00:00,34.7,56,31,5,8,23,759.0,587.0,172.0,0.0,14.0
2026-05-26 16:00:00,34.3,59,57,3,7,53,613.0,466.0,147.0,0.0,13.7
2026-05-26 17:00:00,33.9,61,49,1,3,47,438.0,322.0,116.0,0.0,13.5
2026-05-26 18:00:00,32.8,67,20,3,4,16,240.0,148.0,92.0,0.0,12.3
2026-05-26 19:00:00,31.0,76,26,5,2,21,63.0,29.0,34.0,0.0,10.7
2026-05-26 20:00:00,30.3,81,27,0,1,26,0.0,0.0,0.0,0.0,12.2
2026-05-26 21:00:00,29.4,88,59,0,1,59,0.0,0.0,0.0,0.0,11.7
2026-05-26 22:00:00,28.7,92,49,0,1,48,0.0,0.0,0.0,0.0,11.1
2026-05-26 23:00:00,28.3,94,65,1,1,65,0.0,0.0,0.0,0.0,11.5
2026-05-27 00:00:00,28.2,95,93,1,0,93,0.0,0.0,0.0,0.0,11.7
2026-05-27 01:00:00,28.0,95,80,3,0,79,0.0,0.0,0.0,0.0,11.8
2026-05-27 02:00:00,28.1,94,88,8,0,86,0.0,0.0,0.0,0.0,10.3
2026-05-27 03:00:00,27.9,94,86,9,1,84,0.0,0.0,0.0,0.0,9.2
2026-05-27 04:00:00,27.7,93,95,7,0,95,0.0,0.0,0.0,0.0,8.1
2026-05-27 05:00:00,27.4,94,98,5,0,97,0.0,0.0,0.0,0.0,7.4
2026-05-27 06:00:00,27.3,94,98,4,0,98,2.0,0.0,2.0,0.0,8.0
2026-05-27 07:00:00,28.3,90,96,16,0,95,85.0,29.0,56.0,0.0,9.2
2026-05-27 08:00:00,29.6,83,38,10,0,31,262.0,147.0,115.0,0.0,8.4
2026-05-27 09:00:00,30.9,76,65,38,2,44,481.0,342.0,139.0,0.0,8.9
2026-05-27 10:00:00,32.2,69,64,38,2,40,625.0,429.0,196.0,0.0,10.0
2026-05-27 11:00:00,33.2,64,91,28,2,88,757.0,531.0,226.0,0.0,10.0
2026-05-27 12:00:00,34.1,61,90,2,5,89,879.0,683.0,196.0,0.0,10.4
2026-05-27 13:00:00,34.5,61,91,1,5,91,889.0,667.0,222.0,0.1,10.6
2026-05-27 14:00:00,34.7,59,89,7,7,88,839.0,646.0,193.0,0.0,6.9
2026-05-27 15:00:00,34.9,58,95,2,5,95,770.0,581.0,189.0,0.0,7.4
2026-05-27 16:00:00,34.6,59,95,0,2,95,630.0,463.0,167.0,0.0,9.1
2026-05-27 17:00:00,34.2,60,95,2,5,95,419.0,264.0,155.0,0.0,9.2
2026-05-27 18:00:00,33.1,67,96,7,3,96,209.0,92.0,117.0,0.0,8.2
2026-05-27 19:00:00,31.2,78,91,8,5,90,62.0,25.0,37.0,0.0,10.2
2026-05-27 20:00:00,30.8,79,74,1,2,73,0.0,0.0,0.0,0.0,8.0
2026-05-27 21:00:00,30.0,85,30,2,4,27,0.0,0.0,0.0,0.0,10.5
2026-05-27 22:00:00,29.3,87,46,0,2,45,0.0,0.0,0.0,0.0,11.8
2026-05-27 23:00:00,28.9,89,59,0,2,58,0.0,0.0,0.0,0.0,10.1
2026-05-28 00:00:00,28.5,91,67,0,2,67,0.0,0.0,0.0,0.0,8.8
2026-05-28 01:00:00,28.1,92,85,0,2,85,0.0,0.0,0.0,0.0,7.6
2026-05-28 02:00:00,28.4,92,65,0,2,65,0.0,0.0,0.0,0.0,7.3
2026-05-28 03:00:00,28.1,93,36,1,2,35,0.0,0.0,0.0,0.0,7.9
2026-05-28 04:00:00,27.8,94,73,2,1,73,0.0,0.0,0.0,0.0,7.2
2026-05-28 05:00:00,27.6,95,24,5,1,20,0.0,0.0,0.0,0.0,7.0
2026-05-28 06:00:00,27.5,96,14,8,1,5,2.0,0.0,2.0,0.0,5.8
2026-05-28 07:00:00,28.5,90,30,19,0,14,87.0,37.0,50.0,0.0,7.8
2026-05-28 08:00:00,30.1,82,6,6,0,0,270.0,164.0,106.0,0.0,8.1
2026-05-28 09:00:00,31.1,75,21,9,0,12,479.0,343.0,136.0,0.0,9.1
2026-05-28 10:00:00,32.3,70,21,9,2,13,673.0,525.0,148.0,0.0,8.2
2026-05-28 11:00:00,33.3,66,67,5,1,66,815.0,651.0,164.0,0.0,7.3
2026-05-28 12:00:00,34.2,61,6,5,3,0,916.0,742.0,174.0,0.0,7.1
2026-05-28 13:00:00,35.0,57,11,7,6,0,913.0,741.0,172.0,0.0,6.7
2026-05-28 14:00:00,35.3,54,2,1,2,0,872.0,698.0,174.0,0.0,4.7
2026-05-28 15:00:00,35.6,53,15,5,13,0,797.0,641.0,156.0,0.0,4.5
2026-05-28 16:00:00,35.4,52,13,2,12,0,639.0,495.0,144.0,0.0,5.1
2026-05-28 17:00:00,35.3,52,11,4,8,0,442.0,317.0,125.0,0.0,3.9
2026-05-28 18:00:00,34.5,56,9,5,5,0,245.0,161.0,84.0,0.0,3.9
2026-05-28 19:00:00,32.4,70,10,8,3,0,65.0,31.0,34.0,0.0,4.5
2026-05-28 20:00:00,31.8,72,22,3,2,18,0.0,0.0,0.0,0.0,8.4
2026-05-28 21:00:00,30.8,78,7,3,2,2,0.0,0.0,0.0,0.0,7.6
2026-05-28 22:00:00,30.1,85,1,0,1,0,0.0,0.0,0.0,0.0,7.2
2026-05-28 23:00:00,29.7,86,0,0,0,0,0.0,0.0,0.0,0.0,7.5
2026-05-29 00:00:00,29.2,86,70,0,0,70,0.0,0.0,0.0,0.0,6.7
2026-05-29 01:00:00,28.6,86,98,6,2,98,0.0,0.0,0.0,0.0,6.6
2026-05-29 02:00:00,29.0,85,0,0,0,0,0.0,0.0,0.0,0.0,7.1
2026-05-29 03:00:00,28.2,87,4,0,0,4,0.0,0.0,0.0,0.0,5.3
2026-05-29 04:00:00,27.8,89,37,0,0,37,0.0,0.0,0.0,0.0,3.8
2026-05-29 05:00:00,27.6,90,36,4,0,34,0.0,0.0,0.0,0.0,1.5
2026-05-29 06:00:00,27.3,93,44,3,0,42,2.0,0.0,2.0,0.0,4.8
2026-05-29 07:00:00,28.2,90,64,2,0,63,86.0,36.0,50.0,0.0,4.7
2026-05-29 08:00:00,29.2,84,95,1,0,95,263.0,140.0,123.0,0.0,6.0
2026-05-29 09:00:00,30.5,79,98,1,0,98,435.0,248.0,187.0,0.0,1.9
2026-05-29 10:00:00,31.7,73,95,2,0,95,614.0,356.0,258.0,0.0,3.9
2026-05-29 11:00:00,32.9,67,55,3,3,52,778.0,521.0,257.0,0.0,3.9
2026-05-29 12:00:00,34.1,64,95,5,7,95,911.0,720.0,191.0,0.0,4.8
2026-05-29 13:00:00,34.6,63,98,5,10,98,914.0,669.0,245.0,0.0,6.2
2026-05-29 14:00:00,35.1,57,92,7,15,91,792.0,492.0,300.0,0.0,2.3
2026-05-29 15:00:00,35.2,57,5,0,5,0,703.0,412.0,291.0,0.0,4.5
2026-05-29 16:00:00,35.2,54,4,0,3,0,591.0,423.0,168.0,0.0,4.4
2026-05-29 17:00:00,33.6,60,41,14,34,9,428.0,302.0,126.0,0.0,14.4
2026-05-29 18:00:00,30.1,78,13,0,2,10,225.0,131.0,94.0,0.6,12.3
2026-05-29 19:00:00,29.2,83,23,4,5,17,55.0,23.0,32.0,0.0,8.6
2026-05-29 20:00:00,29.2,73,93,11,2,92,0.0,0.0,0.0,0.0,10.9
2026-05-29 21:00:00,28.2,80,100,12,19,99,0.0,0.0,0.0,0.0,5.6
2026-05-29 22:00:00,28.0,85,100,11,23,100,0.0,0.0,0.0,0.2,4.0
2026-05-29 23:00:00,27.7,87,99,0,2,99,0.0,0.0,0.0,0.0,5.2
2026-05-30 00:00:00,27.5,87,97,1,7,97,0.0,0.0,0.0,0.0,5.5
2026-05-30 01:00:00,27.4,88,98,0,7,98,0.0,0.0,0.0,0.0,4.7
2026-05-30 02:00:00,26.6,90,100,0,8,100,0.0,0.0,0.0,0.0,3.5
2026-05-30 03:00:00,26.2,92,100,2,4,100,0.0,0.0,0.0,0.0,5.4
2026-05-30 04:00:00,25.9,92,100,0,2,100,0.0,0.0,0.0,0.0,6.6
2026-05-30 05:00:00,25.5,93,6,0,2,5,0.0,0.0,0.0,0.0,6.2
2026-05-30 06:00:00,25.3,94,16,5,2,12,2.0,0.0,2.0,0.0,4.9
2026-05-30 07:00:00,26.2,87,6,6,2,0,89.0,41.0,48.0,0.0,5.4
2026-05-30 08:00:00,28.4,75,21,21,0,0,279.0,180.0,99.0,0.0,6.5
2026-05-30 09:00:00,29.5,70,14,11,0,3,473.0,330.0,143.0,0.0,7.0
2026-05-30 10:00:00,30.7,65,8,5,0,2,658.0,497.0,161.0,0.0,6.9
2026-05-30 11:00:00,31.8,60,14,4,0,10,813.0,640.0,173.0,0.0,4.9
2026-05-30 12:00:00,32.8,59,15,12,2,2,901.0,718.0,183.0,0.0,1.9
2026-05-30 13:00:00,33.4,58,9,5,2,3,919.0,728.0,191.0,0.0,1.5
2026-05-30 14:00:00,33.6,53,13,2,3,9,903.0,726.0,177.0,0.0,3.6
2026-05-30 15:00:00,33.7,53,4,0,2,2,765.0,571.0,194.0,0.0,6.3
2026-05-30 16:00:00,33.8,51,3,0,2,1,654.0,513.0,141.0,0.0,6.0
2026-05-30 17:00:00,33.4,50,41,6,38,13,463.0,346.0,117.0,0.0,7.8
2026-05-30 18:00:00,30.5,69,40,9,24,30,190.0,100.0,90.0,0.3,12.9
2026-05-30 19:00:00,28.3,80,37,14,17,16,55.0,23.0,32.0,0.1,11.4
2026-05-30 20:00:00,29.6,70,100,5,67,100,0.0,0.0,0.0,0.1,11.3
2026-05-30 21:00:00,27.8,82,43,0,13,38,0.0,0.0,0.0,0.0,7.0
2026-05-30 22:00:00,27.4,86,26,1,5,22,0.0,0.0,0.0,0.0,3.1
2026-05-30 23:00:00,27.3,87,17,0,2,16,0.0,0.0,0.0,0.0,0.6
2026-05-31 00:00:00,27.0,87,13,9,5,2,0.0,0.0,0.0,0.0,4.7
2026-05-31 01:00:00,26.6,90,9,9,3,1,0.0,0.0,0.0,0.0,5.3
2026-05-31 02:00:00,27.2,92,48,13,34,32,0.0,0.0,0.0,0.0,3.6
2026-05-31 03:00:00,26.8,94,44,23,34,4,0.0,0.0,0.0,0.0,2.8
2026-05-31 04:00:00,26.7,95,29,1,13,19,0.0,0.0,0.0,0.0,2.2
2026-05-31 05:00:00,26.5,95,29,2,20,10,0.0,0.0,0.0,0.0,3.7
2026-05-31 06:00:00,26.1,92,100,100,23,51,2.0,0.0,2.0,1.1,7.5
2026-05-31 07:00:00,25.8,94,53,17,9,38,51.0,8.0,43.0,0.8,5.8
2026-05-31 08:00:00,28.6,76,11,1,5,5,219.0,96.0,123.0,0.3,4.1
2026-05-31 09:00:00,29.6,78,45,20,2,30,460.0,318.0,142.0,0.3,5.6
2026-05-31 10:00:00,30.5,76,59,40,2,31,633.0,430.0,203.0,0.2,6.4
2026-05-31 11:00:00,31.5,68,100,100,5,48,744.0,520.0,224.0,0.2,4.7
2026-05-31 12:00:00,30.2,71,66,14,9,57,426.0,108.0,318.0,0.2,5.7
2026-05-31 13:00:00,30.1,73,83,38,61,34,672.0,300.0,372.0,1.1,11.3
2026-05-31 14:00:00,30.3,69,66,6,29,52,729.0,460.0,269.0,1.0,2.7
2026-05-31 15:00:00,31.7,65,45,6,33,14,710.0,494.0,216.0,0.1,3.2
2026-05-31 16:00:00,31.8,65,23,4,13,7,572.0,378.0,194.0,0.2,2.6
2026-05-31 17:00:00,29.7,77,61,29,15,37,402.0,265.0,137.0,1.0,11.1
2026-05-31 18:00:00,28.7,82,56,0,16,48,188.0,93.0,95.0,0.7,7.6
2026-05-31 19:00:00,28.5,84,20,2,4,15,60.0,22.0,38.0,0.2,5.8
2026-05-31 20:00:00,28.1,90,70,1,30,66,0.0,0.0,0.0,0.0,10.3
2026-05-31 21:00:00,27.8,90,49,12,9,37,0.0,0.0,0.0,0.1,4.3
2026-05-31 22:00:00,27.6,91,75,0,9,73,0.0,0.0,0.0,0.0,5.7
2026-05-31 23:00:00,27.3,92,77,0,20,70,0.0,0.0,0.0,0.0,7.4
2026-06-01 00:00:00,27.0,91,39,5,16,24,0.0,0.0,0.0,0.0,6.1
2026-06-01 01:00:00,26.8,92,28,9,8,16,0.0,0.0,0.0,0.0,5.0
2026-06-01 02:00:00,25.4,94,94,2,88,52,0.0,0.0,0.0,0.0,6.5
2026-06-01 03:00:00,25.7,95,50,5,4,45,0.0,0.0,0.0,0.2,4.9
2026-06-01 04:00:00,25.8,96,38,1,2,36,0.0,0.0,0.0,0.0,3.6
2026-06-01 05:00:00,25.9,96,32,10,2,23,0.0,0.0,0.0,0.0,2.1
2026-06-01 06:00:00,26.0,96,18,2,2,16,2.0,0.0,2.0,0.0,2.5
2026-06-01 07:00:00,26.8,92,2,0,1,1,88.0,39.0,49.0,0.0,3.9
2026-06-01 08:00:00,29.1,80,9,4,3,2,276.0,175.0,101.0,0.0,6.8
2026-06-01 09:00:00,30.3,72,16,5,11,0,471.0,336.0,135.0,0.0,7.0
2026-06-01 10:00:00,31.4,68,17,5,12,0,639.0,481.0,158.0,0.0,6.7
2026-06-01 11:00:00,32.3,65,22,4,18,1,787.0,596.0,191.0,0.0,6.4
2026-06-01 12:00:00,32.8,63,91,89,22,1,790.0,583.0,207.0,0.0,6.0
2026-06-01 13:00:00,32.6,63,100,100,14,1,712.0,438.0,274.0,0.0,5.3
2026-06-01 14:00:00,32.6,61,36,8,26,6,690.0,377.0,313.0,0.1,3.2
2026-06-01 15:00:00,32.7,62,96,80,30,74,733.0,534.0,199.0,0.1,7.8
2026-06-01 16:00:00,29.4,79,99,0,3,99,346.0,120.0,226.0,2.4,9.4
2026-06-01 17:00:00,30.5,72,80,3,7,78,323.0,113.0,210.0,0.2,9.0
2026-06-01 18:00:00,30.6,72,20,4,4,14,237.0,129.0,108.0,0.0,10.9
2026-06-01 19:00:00,28.8,81,18,2,6,13,63.0,26.0,37.0,0.0,12.3
2026-06-01 20:00:00,28.9,82,48,2,16,38,0.0,0.0,0.0,0.0,10.5
2026-06-01 21:00:00,28.4,85,61,2,8,56,0.0,0.0,0.0,0.0,7.0
2026-06-01 22:00:00,28.3,86,58,4,15,49,0.0,0.0,0.0,0.0,5.0
2026-06-01 23:00:00,28.1,87,100,2,100,63,0.0,0.0,0.0,0.0,4.3
2026-06-02 00:00:00,27.8,89,99,2,98,65,0.0,0.0,0.0,0.0,6.1
2026-06-02 01:00:00,27.2,94,99,5,98,74,0.0,0.0,0.0,1.8,1.7
2026-06-02 02:00:00,27.6,93,100,0,100,44,0.0,0.0,0.0,1.2,6.5
2026-06-02 03:00:00,27.1,94,100,0,100,45,0.0,0.0,0.0,0.6,6.6
2026-06-02 04:00:00,26.9,95,99,0,99,59,0.0,0.0,0.0,0.7,6.5
2026-06-02 05:00:00,26.7,95,97,0,91,64,0.0,0.0,0.0,0.2,5.8
2026-06-02 06:00:00,26.7,95,62,3,48,38,1.0,0.0,1.0,0.3,4.1
2026-06-02 07:00:00,27.3,92,24,1,18,16,71.0,27.0,44.0,0.1,5.7
2026-06-02 08:00:00,28.7,85,10,0,9,2,248.0,140.0,108.0,0.0,5.8
2026-06-02 09:00:00,30.3,74,38,23,10,11,474.0,324.0,150.0,0.0,7.4
2026-06-02 10:00:00,31.1,72,52,1,32,29,550.0,315.0,235.0,0.1,6.9
2026-06-02 11:00:00,31.7,71,74,2,39,57,603.0,385.0,218.0,0.2,6.1
2026-06-02 12:00:00,32.3,68,100,100,20,64,731.0,439.0,292.0,0.4,6.0
2026-06-02 13:00:00,32.7,66,36,1,9,30,652.0,276.0,376.0,0.3,4.2
2026-06-02 14:00:00,30.4,77,98,18,69,92,858.0,602.0,256.0,0.2,8.0
2026-06-02 15:00:00,31.1,74,86,1,9,84,582.0,271.0,311.0,0.8,3.8
2026-06-02 16:00:00,31.7,71,73,1,18,69,480.0,211.0,269.0,0.0,2.4
2026-06-02 17:00:00,32.0,69,44,0,13,35,377.0,209.0,168.0,0.0,5.7
2026-06-02 18:00:00,31.7,69,54,0,5,51,220.0,118.0,102.0,0.0,6.7
2026-06-02 19:00:00,30.4,75,62,1,5,59,63.0,24.0,39.0,0.0,8.7
2026-06-02 20:00:00,29.8,82,85,11,13,80,0.0,0.0,0.0,0.0,13.2
2026-06-02 21:00:00,29.0,88,98,48,84,91,0.0,0.0,0.0,0.9,9.0
2026-06-02 22:00:00,28.7,89,83,3,42,70,0.0,0.0,0.0,0.2,10.2
2026-06-02 23:00:00,28.6,88,58,1,10,53,0.0,0.0,0.0,0.0,10.1
2026-06-03 00:00:00,28.4,88,58,2,16,50,0.0,0.0,0.0,0.0,8.9
2026-06-03 01:00:00,28.2,89,51,2,5,47,0.0,0.0,0.0,0.0,8.0
2026-06-03 02:00:00,27.8,95,79,0,12,76,0.0,0.0,0.0,0.0,3.4
2026-06-03 03:00:00,28.0,92,70,1,15,63,0.0,0.0,0.0,0.0,5.2
2026-06-03 04:00:00,28.0,92,52,1,5,49,0.0,0.0,0.0,0.0,6.7
2026-06-03 05:00:00,27.7,93,53,1,1,52,0.0,0.0,0.0,0.0,7.7
2026-06-03 06:00:00,27.6,93,38,3,2,35,2.0,0.0,2.0,0.0,8.0
2026-06-03 07:00:00,28.4,89,52,7,5,45,85.0,38.0,47.0,0.0,7.1
2026-06-03 08:00:00,30.0,80,4,2,2,0,257.0,146.0,111.0,0.0,8.4
2026-06-03 09:00:00,31.2,71,53,5,3,49,491.0,368.0,123.0,0.0,9.0
2026-06-03 10:00:00,32.1,65,31,7,6,20,627.0,463.0,164.0,0.0,7.9
2026-06-03 11:00:00,33.2,60,80,13,9,76,811.0,641.0,170.0,0.2,7.5
2026-06-03 12:00:00,34.0,57,95,15,13,94,880.0,699.0,181.0,0.2,7.7
2026-06-03 13:00:00,34.5,57,97,3,13,96,871.0,662.0,209.0,0.1,9.1
2026-06-03 14:00:00,35.0,54,97,2,4,97,887.0,711.0,176.0,0.1,7.7
2026-06-03 15:00:00,34.8,55,98,9,14,97,731.0,541.0,190.0,0.0,10.0
2026-06-03 16:00:00,34.5,56,99,9,20,99,591.0,401.0,190.0,0.0,10.2
2026-06-03 17:00:00,33.5,58,99,2,6,98,397.0,237.0,160.0,0.1,13.2
2026-06-03 18:00:00,32.3,66,91,1,5,91,225.0,126.0,99.0,0.1,11.2
2026-06-03 19:00:00,31.2,72,73,0,2,73,66.0,24.0,42.0,0.0,7.6
2026-06-03 20:00:00,30.9,73,34,2,2,30,0.0,0.0,0.0,0.0,9.4
2026-06-03 21:00:00,30.3,76,26,0,2,23,0.0,0.0,0.0,0.0,13.9
2026-06-03 22:00:00,29.5,80,17,2,3,13,0.0,0.0,0.0,0.0,13.2
2026-06-03 23:00:00,29.1,83,14,0,2,13,0.0,0.0,0.0,0.0,11.3
2026-06-04 00:00:00,28.6,85,9,0,2,8,0.0,0.0,0.0,0.0,10.6
2026-06-04 01:00:00,28.2,86,11,0,1,10,0.0,0.0,0.0,0.0,9.9
2026-06-04 02:00:00,28.4,86,31,2,1,29,0.0,0.0,0.0,0.0,10.4
2026-06-04 03:00:00,28.0,87,48,0,1,48,0.0,0.0,0.0,0.0,9.3
2026-06-04 04:00:00,27.6,88,80,0,0,80,0.0,0.0,0.0,0.0,7.6
2026-06-04 05:00:00,27.3,90,98,0,1,98,0.0,0.0,0.0,0.0,6.7
2026-06-04 06:00:00,27.2,91,70,0,0,70,2.0,0.0,2.0,0.0,6.5
2026-06-04 07:00:00,28.2,86,61,0,1,61,93.0,44.0,49.0,0.0,6.5
2026-06-04 08:00:00,29.8,77,41,0,0,41,285.0,188.0,97.0,0.0,7.3
2026-06-04 09:00:00,30.9,72,38,2,0,36,491.0,364.0,127.0,0.0,7.4
2026-06-04 10:00:00,32.1,66,63,4,0,62,680.0,533.0,147.0,0.0,7.1
2026-06-04 11:00:00,33.1,64,82,1,2,82,828.0,669.0,159.0,0.0,6.5
2026-06-04 12:00:00,34.0,61,84,0,2,84,910.0,740.0,170.0,0.0,4.9
2026-06-04 13:00:00,34.8,58,91,2,2,90,945.0,778.0,167.0,0.0,4.0
2026-06-04 14:00:00,33.9,56,95,10,20,94,908.0,750.0,158.0,0.0,6.6
2026-06-04 15:00:00,34.1,59,58,2,19,48,568.0,351.0,217.0,0.5,4.7
2026-06-04 16:00:00,35.2,54,19,6,6,8,597.0,434.0,163.0,0.0,3.6
2026-06-04 17:00:00,32.4,67,39,0,14,30,398.0,264.0,134.0,0.9,11.4
2026-06-04 18:00:00,32.6,66,9,0,5,5,233.0,145.0,88.0,0.1,4.0
2026-06-04 19:00:00,31.6,78,17,0,2,16,71.0,35.0,36.0,0.0,2.0
2026-06-04 20:00:00,31.5,73,24,8,17,2,0.0,0.0,0.0,0.0,9.5
2026-06-04 21:00:00,31.2,72,3,0,3,0,0.0,0.0,0.0,0.1,9.9
2026-06-04 22:00:00,27.9,86,78,41,65,16,0.0,0.0,0.0,0.8,12.2
2026-06-04 23:00:00,26.1,96,62,19,12,49,0.0,0.0,0.0,2.6,9.0
2026-06-05 00:00:00,27.2,89,16,0,4,13,0.0,0.0,0.0,0.5,1.8
2026-06-05 01:00:00,26.9,93,15,4,13,1,0.0,0.0,0.0,0.1,3.1
2026-06-05 02:00:00,28.0,93,59,9,16,48,0.0,0.0,0.0,0.1,4.7
2026-06-05 03:00:00,27.7,88,76,0,0,76,0.0,0.0,0.0,0.2,7.6
2026-06-05 04:00:00,27.9,90,84,4,1,84,0.0,0.0,0.0,0.0,9.0
2026-06-05 05:00:00,27.6,94,95,1,1,95,0.0,0.0,0.0,0.0,6.2
2026-06-05 06:00:00,27.2,96,86,0,0,86,2.0,0.0,2.0,0.0,7.1
2026-06-05 07:00:00,25.8,91,90,31,2,85,90.0,37.0,53.0,0.2,18.4
2026-06-05 08:00:00,29.3,79,77,0,10,73,214.0,107.0,107.0,0.0,11.0
2026-06-05 09:00:00,30.9,69,98,38,2,96,453.0,296.0,157.0,0.0,6.9
2026-06-05 10:00:00,32.2,68,70,13,4,65,560.0,340.0,220.0,0.5,7.2
2026-06-05 11:00:00,31.0,73,95,0,2,95,570.0,335.0,235.0,1.0,7.1
2026-06-05 12:00:00,32.3,68,98,2,1,98,587.0,269.0,318.0,0.4,7.7
2026-06-05 13:00:00,32.7,67,99,5,0,99,616.0,221.0,395.0,0.2,4.0
2026-06-05 14:00:00,34.0,62,95,23,21,91,679.0,314.0,365.0,0.0,9.4
2026-06-05 15:00:00,28.4,84,99,5,59,98,513.0,245.0,268.0,5.1,9.7
2026-06-05 16:00:00,30.4,74,99,5,14,99,363.0,153.0,210.0,0.3,1.9
2026-06-05 17:00:00,26.9,88,100,54,60,99,346.0,156.0,190.0,4.4,9.0
2026-06-05 18:00:00,26.9,88,98,0,0,98,47.0,0.0,47.0,0.7,6.3
2026-06-05 19:00:00,27.3,87,98,0,0,98,40.0,5.0,35.0,0.1,6.4
2026-06-05 20:00:00,30.2,69,98,15,45,98,0.0,0.0,0.0,0.0,12.7
2026-06-05 21:00:00,27.2,82,84,0,5,83,0.0,0.0,0.0,0.4,10.4
2026-06-05 22:00:00,27.4,84,86,0,3,86,0.0,0.0,0.0,0.2,9.0
2026-06-05 23:00:00,28.0,83,97,0,0,97,0.0,0.0,0.0,0.0,8.6
2026-06-06 00:00:00,28.4,78,98,0,0,98,0.0,0.0,0.0,0.0,8.4
2026-06-06 01:00:00,28.3,79,97,1,5,97,0.0,0.0,0.0,0.0,8.1
2026-06-06 02:00:00,29.7,73,99,3,9,98,0.0,0.0,0.0,0.0,16.5
2026-06-06 03:00:00,28.1,81,98,8,23,98,0.0,0.0,0.0,0.2,18.4
2026-06-06 04:00:00,27.0,85,85,3,6,84,0.0,0.0,0.0,0.2,7.4
2026-06-06 05:00:00,26.8,85,74,0,14,70,0.0,0.0,0.0,0.0,6.0
2026-06-06 06:00:00,26.8,86,74,0,16,69,2.0,0.0,2.0,0.0,5.1
2026-06-06 07:00:00,27.8,81,100,3,100,67,82.0,30.0,52.0,0.0,3.2
2026-06-06 08:00:00,27.8,90,100,49,80,99,131.0,18.0,113.0,0.0,6.0
2026-06-06 09:00:00,26.7,97,100,3,95,98,74.0,1.0,73.0,3.3,11.9
2026-06-06 10:00:00,26.3,98,100,45,17,99,159.0,20.0,139.0,2.7,6.8
2026-06-06 11:00:00,27.2,91,100,30,30,100,285.0,35.0,250.0,1.7,8.5
2026-06-06 12:00:00,28.7,84,100,98,28,95,339.0,27.0,312.0,0.2,2.0
2026-06-06 13:00:00,30.5,78,96,7,4,95,620.0,174.0,446.0,0.1,2.6
2026-06-06 14:00:00,31.0,75,97,19,4,96,774.0,369.0,405.0,0.5,6.6
2026-06-06 15:00:00,27.9,87,100,38,86,100,425.0,119.0,306.0,16.5,7.9
2026-06-06 16:00:00,26.9,94,100,4,39,100,66.0,0.0,66.0,4.3,7.0
2026-06-06 17:00:00,27.3,93,100,0,100,100,51.0,0.0,51.0,0.4,7.9
2026-06-06 18:00:00,27.4,92,100,12,100,100,72.0,0.0,72.0,0.0,8.5
2026-06-06 19:00:00,27.1,95,100,1,38,100,13.0,0.0,13.0,0.7,5.2
2026-06-06 20:00:00,26.6,91,100,0,100,100,0.0,0.0,0.0,1.6,7.3
2026-06-06 21:00:00,26.4,94,100,0,0,100,0.0,0.0,0.0,0.3,8.7
2026-06-06 22:00:00,26.2,96,98,0,4,98,0.0,0.0,0.0,0.0,8.4
2026-06-06 23:00:00,26.2,96,95,0,19,95,0.0,0.0,0.0,0.0,7.6
2026-06-07 00:00:00,26.2,97,96,7,19,95,0.0,0.0,0.0,0.0,8.2
2026-06-07 01:00:00,26.3,95,91,56,3,79,0.0,0.0,0.0,0.2,9.2
2026-06-07 02:00:00,26.5,97,91,16,23,87,0.0,0.0,0.0,0.6,6.4
2026-06-07 03:00:00,26.3,97,66,13,12,58,0.0,0.0,0.0,0.0,8.6
2026-06-07 04:00:00,26.2,97,83,7,9,80,0.0,0.0,0.0,0.0,8.5
2026-06-07 05:00:00,25.6,96,96,11,4,95,0.0,0.0,0.0,0.0,9.4
2026-06-07 06:00:00,25.4,95,100,20,17,99,2.0,0.0,2.0,0.0,9.8
2026-06-07 07:00:00,25.9,93,98,37,18,95,58.0,8.0,50.0,0.4,5.6
2026-06-07 08:00:00,28.0,90,98,7,8,98,239.0,102.0,137.0,0.2,2.7
2026-06-07 09:00:00,29.5,82,99,9,24,99,446.0,268.0,178.0,0.1,0.8
2026-06-07 10:00:00,30.5,78,98,9,4,98,565.0,354.0,211.0,0.1,1.7
2026-06-07 11:00:00,31.7,72,98,44,4,97,771.0,518.0,253.0,0.1,2.7
2026-06-07 12:00:00,32.7,65,100,100,2,95,723.0,349.0,374.0,0.0,3.9
2026-06-07 13:00:00,30.2,76,98,47,21,98,482.0,132.0,350.0,1.0,10.6
2026-06-07 14:00:00,30.3,73,91,9,19,89,639.0,330.0,309.0,1.2,7.5
2026-06-07 15:00:00,29.8,78,85,1,2,85,513.0,189.0,324.0,1.4,9.2
2026-06-07 16:00:00,30.1,76,88,2,2,87,420.0,191.0,229.0,0.5,8.6
2026-06-07 17:00:00,30.2,75,77,12,7,73,392.0,187.0,205.0,0.4,9.7
2026-06-07 18:00:00,29.1,82,95,20,0,95,195.0,105.0,90.0,0.7,8.5
2026-06-07 19:00:00,28.3,91,98,0,0,98,46.0,12.0,34.0,0.7,5.2
2026-06-07 20:00:00,29.0,84,98,16,32,98,1.0,0.0,1.0,0.1,7.9
2026-06-07 21:00:00,28.5,89,98,0,6,98,0.0,0.0,0.0,0.1,4.0
2026-06-07 22:00:00,28.1,92,96,11,13,95,0.0,0.0,0.0,0.0,7.0
2026-06-07 23:00:00,27.6,93,89,16,37,81,0.0,0.0,0.0,0.1,9.3
2026-06-08 00:00:00,26.2,97,100,84,99,100,0.0,0.0,0.0,7.8,10.0
2026-06-08 01:00:00,26.2,98,99,4,21,99,0.0,0.0,0.0,3.6,7.3
2026-06-08 02:00:00,27.2,97,99,2,79,98,0.0,0.0,0.0,0.6,7.8
2026-06-08 03:00:00,26.9,98,98,2,3,98,0.0,0.0,0.0,0.2,8.8
2026-06-08 04:00:00,26.7,98,99,14,33,99,0.0,0.0,0.0,0.1,10.5
2026-06-08 05:00:00,25.9,97,96,0,16,95,0.0,0.0,0.0,0.2,11.6
2026-06-08 06:00:00,25.9,97,98,7,8,98,2.0,0.0,2.0,0.0,2.9
2026-06-08 07:00:00,26.5,96,99,5,2,99,67.0,12.0,55.0,0.0,5.2
2026-06-08 08:00:00,28.1,92,99,9,10,99,215.0,80.0,135.0,0.0,7.9
2026-06-08 09:00:00,28.1,89,100,9,22,100,323.0,98.0,225.0,2.7,6.8
2026-06-08 10:00:00,28.5,83,100,93,23,98,394.0,117.0,277.0,1.5,8.3
2026-06-08 11:00:00,27.1,92,100,30,41,99,272.0,27.0,245.0,4.5,7.2
2026-06-08 12:00:00,28.8,85,99,31,5,99,329.0,52.0,277.0,1.1,10.1
2026-06-08 13:00:00,30.5,80,99,20,4,99,467.0,106.0,361.0,0.5,9.5
2026-06-08 14:00:00,31.3,71,99,9,11,99,623.0,245.0,378.0,5.6,11.8
2026-06-08 15:00:00,32.1,70,99,2,1,99,656.0,313.0,343.0,0.0,9.0
2026-06-08 16:00:00,30.9,76,97,19,15,95,624.0,430.0,194.0,0.9,13.8
2026-06-08 17:00:00,28.5,87,100,57,46,99,333.0,157.0,176.0,3.6,10.9
2026-06-08 18:00:00,26.8,95,100,0,95,100,85.0,8.0,77.0,6.3,6.7
2026-06-08 19:00:00,26.8,96,100,0,58,100,11.0,0.0,11.0,0.8,4.6
2026-06-08 20:00:00,27.0,97,100,9,98,100,0.0,0.0,0.0,1.2,4.3
2026-06-08 21:00:00,26.9,96,100,17,100,100,0.0,0.0,0.0,1.3,6.4
2026-06-08 22:00:00,26.7,96,100,0,99,100,0.0,0.0,0.0,0.2,12.0
2026-06-08 23:00:00,25.9,97,100,0,81,100,0.0,0.0,0.0,0.4,11.6
2026-06-09 00:00:00,25.6,97,89,3,45,80,0.0,0.0,0.0,0.8,10.6
2026-06-09 01:00:00,25.4,97,100,40,53,99,0.0,0.0,0.0,0.0,10.4
2026-06-09 02:00:00,25.6,96,100,30,55,100,0.0,0.0,0.0,0.4,13.6
2026-06-09 03:00:00,24.6,93,100,5,99,100,0.0,0.0,0.0,0.1,13.1
2026-06-09 04:00:00,23.8,91,100,11,99,100,0.0,0.0,0.0,0.2,13.6
2026-06-09 05:00:00,22.9,94,100,2,64,100,0.0,0.0,0.0,0.7,13.2
2026-06-09 06:00:00,22.5,94,100,7,58,100,1.0,0.0,1.0,0.4,13.2
2026-06-09 07:00:00,22.5,94,100,22,68,100,23.0,0.0,23.0,0.4,12.6
2026-06-09 08:00:00,24.2,83,98,23,67,95,70.0,1.0,69.0,0.2,11.7
2026-06-09 09:00:00,25.0,79,100,9,99,99,314.0,80.0,234.0,0.2,12.7
2026-06-09 10:00:00,24.8,77,100,2,100,86,206.0,0.0,206.0,0.0,12.6
2026-06-09 11:00:00,25.7,71,100,70,100,86,265.0,7.0,258.0,0.0,16.2
2026-06-09 12:00:00,27.0,67,100,97,45,94,410.0,35.0,375.0,0.0,15.1
2026-06-09 13:00:00,28.0,65,100,100,77,95,509.0,110.0,399.0,0.0,12.0
2026-06-09 14:00:00,28.1,66,100,99,100,91,362.0,37.0,325.0,0.0,15.3
2026-06-09 15:00:00,28.4,64,99,96,34,79,481.0,101.0,380.0,0.0,15.2
2026-06-09 16:00:00,28.5,64,100,92,18,98,332.0,88.0,244.0,0.0,12.7
2026-06-09 17:00:00,28.3,65,99,5,7,99,255.0,41.0,214.0,0.0,13.6
2026-06-09 18:00:00,27.7,69,98,5,14,98,173.0,39.0,134.0,0.0,12.2
2026-06-09 19:00:00,26.5,74,99,5,26,99,69.0,19.0,50.0,0.0,9.0
2026-06-09 20:00:00,25.6,80,99,8,7,99,1.0,0.0,1.0,0.0,10.8
2026-06-09 21:00:00,24.9,83,100,16,100,91,0.0,0.0,0.0,0.0,6.2
2026-06-09 22:00:00,25.0,83,100,17,100,55,0.0,0.0,0.0,0.0,6.8
2026-06-09 23:00:00,24.8,83,100,0,100,61,0.0,0.0,0.0,0.0,7.7
2026-06-10 00:00:00,24.7,83,100,0,100,95,0.0,0.0,0.0,0.0,7.6
2026-06-10 01:00:00,24.4,84,100,1,100,98,0.0,0.0,0.0,0.0,7.9
2026-06-10 02:00:00,25.0,80,97,0,21,96,0.0,0.0,0.0,0.0,10.3
2026-06-10 03:00:00,24.2,81,100,0,10,100,0.0,0.0,0.0,0.0,9.3
2026-06-10 04:00:00,23.6,84,99,3,25,99,0.0,0.0,0.0,0.0,6.2
2026-06-10 05:00:00,23.2,86,98,5,13,98,0.0,0.0,0.0,0.0,7.7
2026-06-10 06:00:00,23.1,85,99,0,20,98,2.0,0.0,2.0,0.0,8.9
2026-06-10 07:00:00,23.8,81,98,0,48,97,77.0,23.0,54.0,0.0,9.6
2026-06-10 08:00:00,24.4,73,99,0,59,98,216.0,83.0,133.0,0.0,11.7
2026-06-10 09:00:00,25.2,70,95,1,73,82,319.0,130.0,189.0,0.0,11.6
2026-06-10 10:00:00,26.4,67,98,0,95,59,523.0,280.0,243.0,0.0,11.0
2026-06-10 11:00:00,27.2,65,95,2,88,65,609.0,288.0,321.0,0.0,9.2
2026-06-10 12:00:00,28.1,63,98,4,87,81,706.0,403.0,303.0,0.0,6.9
2026-06-10 13:00:00,29.1,59,100,59,100,73,736.0,355.0,381.0,0.0,7.0
2026-06-10 14:00:00,28.1,61,100,100,100,99,448.0,64.0,384.0,0.0,7.0
2026-06-10 15:00:00,28.2,61,100,7,98,99,302.0,28.0,274.0,0.0,5.8
2026-06-10 16:00:00,28.6,60,100,100,100,100,343.0,45.0,298.0,0.0,6.0
2026-06-10 17:00:00,28.1,64,100,100,72,100,144.0,6.0,138.0,0.0,5.5
2026-06-10 18:00:00,27.9,67,100,16,39,100,119.0,14.0,105.0,0.0,4.7
2026-06-10 19:00:00,27.0,75,100,5,30,100,53.0,14.0,39.0,0.0,4.3
2026-06-10 20:00:00,26.7,76,98,16,9,97,1.0,0.0,1.0,0.0,5.0
2026-06-10 21:00:00,26.0,78,99,12,14,99,0.0,0.0,0.0,0.0,6.9
2026-06-10 22:00:00,25.4,82,99,4,45,99,0.0,0.0,0.0,0.0,8.6
2026-06-10 23:00:00,24.9,86,98,2,8,98,0.0,0.0,0.0,0.0,6.4
2026-06-11 00:00:00,24.4,89,94,4,32,91,0.0,0.0,0.0,0.0,4.7
2026-06-11 01:00:00,24.2,90,100,7,100,90,0.0,0.0,0.0,0.0,3.6
2026-06-11 02:00:00,24.3,91,90,8,84,28,0.0,0.0,0.0,0.1,2.8
2026-06-11 03:00:00,24.1,92,59,11,9,38,0.0,0.0,0.0,0.2,3.4
2026-06-11 04:00:00,23.6,93,34,19,8,2,0.0,0.0,0.0,0.0,4.6
2026-06-11 05:00:00,23.3,92,25,6,20,4,0.0,0.0,0.0,0.0,5.3
2026-06-11 06:00:00,23.1,90,100,2,100,23,2.0,0.0,2.0,0.0,6.0
2026-06-11 07:00:00,23.9,86,100,0,100,53,54.0,25.0,29.0,0.0,5.9
2026-06-11 08:00:00,25.6,78,100,0,100,4,115.0,107.0,8.0,0.0,5.2
2026-06-11 09:00:00,26.4,74,100,0,100,0,227.0,28.0,199.0,0.0,4.6
2026-06-11 10:00:00,27.2,72,59,0,59,0,311.0,96.0,215.0,0.0,6.2
2026-06-11 11:00:00,28.4,68,37,0,37,0,577.0,241.0,336.0,0.0,6.9
2026-06-11 12:00:00,29.7,64,35,16,22,2,870.0,623.0,247.0,0.0,5.6
2026-06-11 13:00:00,30.5,59,48,30,26,0,899.0,678.0,221.0,0.0,4.4
2026-06-11 14:00:00,31.0,58,20,17,9,0,852.0,599.0,253.0,0.0,7.0
2026-06-11 15:00:00,31.3,55,29,26,5,0,761.0,586.0,175.0,0.0,7.0
2026-06-11 16:00:00,31.5,53,64,53,40,0,604.0,424.0,180.0,0.0,5.5
2026-06-11 17:00:00,31.1,54,48,24,41,9,402.0,224.0,178.0,0.0,5.0
2026-06-11 18:00:00,30.4,60,29,1,29,0,234.0,131.0,103.0,0.0,5.6
2026-06-11 19:00:00,29.0,71,34,2,34,0,66.0,30.0,36.0,0.0,3.8
2026-06-11 20:00:00,28.5,73,70,24,31,47,1.0,0.0,1.0,0.0,5.7
2026-06-11 21:00:00,27.2,81,100,31,100,42,0.0,0.0,0.0,0.0,7.1
2026-06-11 22:00:00,26.7,84,100,2,100,69,0.0,0.0,0.0,0.0,8.3
2026-06-11 23:00:00,26.3,87,99,2,98,73,0.0,0.0,0.0,0.0,7.5
2026-06-12 00:00:00,25.9,89,97,10,92,69,0.0,0.0,0.0,0.1,9.0
2026-06-12 01:00:00,25.7,91,81,0,48,70,0.0,0.0,0.0,0.0,8.4
2026-06-12 02:00:00,25.9,91,97,0,30,95,0.0,0.0,0.0,0.2,9.6
2026-06-12 03:00:00,25.4,93,91,9,27,86,0.0,0.0,0.0,0.1,8.7
2026-06-12 04:00:00,25.2,93,91,0,13,91,0.0,0.0,0.0,0.0,7.1
2026-06-12 05:00:00,25.2,94,94,1,20,92,0.0,0.0,0.0,0.0,6.7
2026-06-12 06:00:00,25.1,94,94,2,18,92,2.0,0.0,2.0,0.0,5.8
2026-06-12 07:00:00,26.0,92,80,11,2,77,83.0,31.0,52.0,0.0,6.0
2026-06-12 08:00:00,27.4,84,79,2,11,76,272.0,158.0,114.0,0.0,4.5
2026-06-12 09:00:00,28.6,79,91,7,19,89,439.0,301.0,138.0,0.0,4.5
2026-06-12 10:00:00,29.6,75,95,6,23,93,608.0,409.0,199.0,0.1,4.4
2026-06-12 11:00:00,30.5,71,98,10,18,98,749.0,526.0,223.0,0.0,4.1
2026-06-12 12:00:00,30.9,68,98,6,27,97,707.0,397.0,310.0,0.0,5.9
2026-06-12 13:00:00,31.2,67,93,9,16,91,725.0,445.0,280.0,0.0,6.8
2026-06-12 14:00:00,30.5,67,98,5,36,96,787.0,468.0,319.0,0.0,6.9
2026-06-12 15:00:00,30.6,69,100,9,38,100,659.0,389.0,270.0,0.5,8.8
2026-06-12 16:00:00,30.3,68,99,38,27,98,527.0,311.0,216.0,0.1,10.6
2026-06-12 17:00:00,26.2,92,100,45,84,98,335.0,129.0,206.0,9.4,12.6
2026-06-12 18:00:00,26.6,91,95,15,17,93,129.0,26.0,103.0,0.8,9.2
2026-06-12 19:00:00,26.4,91,96,23,26,95,54.0,11.0,43.0,0.0,9.5
2026-06-12 20:00:00,27.2,89,91,11,5,90,1.0,0.0,1.0,0.0,9.7
2026-06-12 21:00:00,26.6,92,95,13,27,91,0.0,0.0,0.0,0.1,8.0
2026-06-12 22:00:00,26.4,92,88,1,13,85,0.0,0.0,0.0,0.0,8.1
2026-06-12 23:00:00,26.4,91,83,2,5,82,0.0,0.0,0.0,0.0,9.1
2026-06-13 00:00:00,26.3,92,82,4,7,80,0.0,0.0,0.0,0.0,9.4
2026-06-13 01:00:00,26.1,93,94,7,8,93,0.0,0.0,0.0,0.0,8.9
2026-06-13 02:00:00,26.7,90,100,6,16,100,0.0,0.0,0.0,0.0,9.7
2026-06-13 03:00:00,26.4,91,98,5,11,98,0.0,0.0,0.0,0.0,10.6
2026-06-13 04:00:00,26.1,91,95,5,7,95,0.0,0.0,0.0,0.0,9.9
2026-06-13 05:00:00,26.0,91,97,10,4,96,0.0,0.0,0.0,0.0,9.8
2026-06-13 06:00:00,26.0,92,82,13,13,78,2.0,0.0,2.0,0.0,8.1
2026-06-13 07:00:00,26.8,89,94,13,21,91,77.0,21.0,56.0,0.0,8.6
2026-06-13 08:00:00,28.6,82,81,4,16,77,226.0,92.0,134.0,0.0,12.5
2026-06-13 09:00:00,29.7,77,86,26,34,72,467.0,316.0,151.0,0.0,16.2
2026-06-13 10:00:00,30.2,72,77,8,13,73,549.0,311.0,238.0,0.2,15.4
2026-06-13 11:00:00,31.1,72,85,9,2,83,700.0,436.0,264.0,0.0,15.4
2026-06-13 12:00:00,31.4,70,98,54,3,96,717.0,381.0,336.0,0.0,16.0
2026-06-13 13:00:00,28.9,82,100,6,57,100,521.0,127.0,394.0,1.7,13.0
2026-06-13 14:00:00,30.0,74,99,15,5,98,236.0,18.0,218.0,0.4,17.5
2026-06-13 15:00:00,29.7,75,98,11,3,98,426.0,85.0,341.0,0.0,16.2
2026-06-13 16:00:00,30.2,74,100,11,17,99,454.0,144.0,310.0,0.2,17.5
2026-06-13 17:00:00,30.2,73,99,11,7,99,211.0,19.0,192.0,0.0,14.2
2026-06-13 18:00:00,29.6,75,100,11,26,100,118.0,8.0,110.0,0.2,11.8
2026-06-13 19:00:00,28.6,80,100,8,4,100,34.0,0.0,34.0,0.0,8.8
2026-06-13 20:00:00,26.9,94,100,0,100,99,0.0,0.0,0.0,0.0,7.1
2026-06-13 21:00:00,26.9,95,99,9,30,98,0.0,0.0,0.0,0.3,8.1
2026-06-13 22:00:00,27.0,95,99,6,24,98,0.0,0.0,0.0,0.1,2.1
2026-06-13 23:00:00,26.9,95,98,5,17,98,0.0,0.0,0.0,0.0,8.8
2026-06-14 00:00:00,26.7,93,95,13,20,94,0.0,0.0,0.0,0.0,10.9
2026-06-14 01:00:00,26.1,95,94,12,16,92,0.0,0.0,0.0,0.2,11.0
2026-06-14 02:00:00,26.9,95,99,20,22,99,0.0,0.0,0.0,0.0,14.2
2026-06-14 03:00:00,26.5,97,99,5,30,99,0.0,0.0,0.0,0.1,13.5
2026-06-14 04:00:00,26.1,96,100,4,100,99,0.0,0.0,0.0,0.1,14.9
2026-06-14 05:00:00,25.5,96,100,5,56,100,0.0,0.0,0.0,0.2,13.3
2026-06-14 06:00:00,25.7,95,100,0,1,100,1.0,0.0,1.0,0.1,10.9
2026-06-14 07:00:00,26.0,95,99,1,5,99,23.0,0.0,23.0,0.4,7.9
2026-06-14 08:00:00,27.1,91,98,10,37,96,158.0,22.0,136.0,0.2,13.5
2026-06-14 09:00:00,28.3,86,99,32,36,98,344.0,124.0,220.0,0.4,11.1
2026-06-14 10:00:00,27.5,92,100,27,33,100,210.0,39.0,171.0,1.3,11.7
2026-06-14 11:00:00,28.4,89,100,25,47,100,450.0,93.0,357.0,1.1,14.5
2026-06-14 12:00:00,27.3,91,100,47,53,100,274.0,14.0,260.0,11.0,12.8
2026-06-14 13:00:00,27.5,90,100,22,92,99,196.0,8.0,188.0,2.4,10.6
2026-06-14 14:00:00,27.2,92,100,1,96,100,194.0,1.0,193.0,2.0,9.5
2026-06-14 15:00:00,27.5,93,100,30,44,100,238.0,32.0,206.0,2.1,12.8
2026-06-14 16:00:00,27.4,90,100,9,24,100,235.0,26.0,209.0,1.2,13.5
2026-06-14 17:00:00,26.5,94,100,26,78,99,155.0,1.0,154.0,3.0,13.7
2026-06-14 18:00:00,26.8,93,99,5,17,98,91.0,3.0,88.0,0.3,11.0
2026-06-14 19:00:00,26.5,94,99,2,9,99,51.0,5.0,46.0,0.1,9.8
2026-06-14 20:00:00,28.0,88,98,9,55,95,1.0,0.0,1.0,0.0,11.1
2026-06-14 21:00:00,27.1,91,96,4,14,95,0.0,0.0,0.0,0.4,7.8
2026-06-14 22:00:00,26.6,92,100,6,100,87,0.0,0.0,0.0,0.1,5.8
2026-06-14 23:00:00,25.7,95,98,38,45,96,0.0,0.0,0.0,3.5,7.8
2026-06-15 00:00:00,24.8,99,100,20,91,99,0.0,0.0,0.0,5.1,2.4
2026-06-15 01:00:00,25.0,98,100,75,96,98,0.0,0.0,0.0,3.9,4.0
2026-06-15 02:00:00,25.9,97,100,92,99,100,0.0,0.0,0.0,2.6,9.0
2026-06-15 03:00:00,25.6,98,100,100,61,100,0.0,0.0,0.0,9.3,8.3
2026-06-15 04:00:00,25.8,97,100,0,97,100,0.0,0.0,0.0,5.0,1.6
2026-06-15 05:00:00,25.8,97,100,1,73,100,0.0,0.0,0.0,4.3,3.2
2026-06-15 06:00:00,25.9,96,100,0,17,100,0.0,0.0,0.0,1.6,6.3
2026-06-15 07:00:00,26.3,96,98,3,41,98,37.0,12.0,25.0,1.2,5.6
2026-06-15 08:00:00,26.8,92,95,23,23,92,149.0,42.0,107.0,0.2,8.1
2026-06-15 09:00:00,27.1,92,100,100,72,90,285.0,90.0,195.0,1.6,4.9
2026-06-15 10:00:00,27.0,93,99,77,73,95,318.0,57.0,261.0,11.3,5.7
2026-06-15 11:00:00,27.9,87,95,46,14,91,333.0,52.0,281.0,1.2,8.2
2026-06-15 12:00:00,29.4,83,98,71,12,91,587.0,264.0,323.0,0.5,9.1
2026-06-15 13:00:00,29.8,80,97,5,15,97,584.0,246.0,338.0,0.9,10.3
2026-06-15 14:00:00,27.1,93,100,1,97,98,394.0,118.0,276.0,1.5,9.4
2026-06-15 15:00:00,27.0,95,100,8,100,100,171.0,2.0,169.0,4.9,1.0
2026-06-15 16:00:00,26.8,95,100,2,100,100,78.0,0.0,78.0,4.7,6.2
2026-06-15 17:00:00,26.7,97,100,0,100,100,47.0,0.0,47.0,2.8,9.1
2026-06-15 18:00:00,26.5,98,100,0,100,100,28.0,0.0,28.0,1.0,9.7
2026-06-15 19:00:00,26.3,98,100,0,100,100,13.0,0.0,13.0,0.1,11.6
2026-06-15 20:00:00,26.2,91,98,2,28,98,0.0,0.0,0.0,0.0,8.7
2026-06-15 21:00:00,25.8,93,100,11,31,100,0.0,0.0,0.0,0.0,11.5
2026-06-15 22:00:00,25.8,94,100,4,23,100,0.0,0.0,0.0,0.0,7.0
2026-06-15 23:00:00,25.8,95,98,1,52,97,0.0,0.0,0.0,0.0,5.3
2026-06-16 00:00:00,25.0,97,100,84,62,96,0.0,0.0,0.0,1.0,8.9
2026-06-16 01:00:00,24.4,100,100,100,59,98,0.0,0.0,0.0,5.0,6.5
2026-06-16 02:00:00,25.6,96,100,6,45,100,0.0,0.0,0.0,0.7,2.4
2026-06-16 03:00:00,25.4,97,100,6,16,100,0.0,0.0,0.0,0.3,0.3
2026-06-16 04:00:00,25.4,97,100,12,100,100,0.0,0.0,0.0,0.1,0.5
2026-06-16 05:00:00,25.4,97,100,6,57,100,0.0,0.0,0.0,0.1,2.8
2026-06-16 06:00:00,25.3,98,100,2,15,100,1.0,0.0,1.0,0.4,4.7
2026-06-16 07:00:00,25.5,97,99,8,41,99,50.0,4.0,46.0,0.1,6.5
2026-06-16 08:00:00,25.7,99,100,100,79,100,190.0,46.0,144.0,0.0,5.0
2026-06-16 09:00:00,25.8,97,100,98,92,99,123.0,0.0,123.0,2.4,3.5
2026-06-16 10:00:00,26.9,90,100,100,95,98,278.0,41.0,237.0,0.7,4.5
2026-06-16 11:00:00,28.0,84,99,23,35,98,330.0,28.0,302.0,0.3,6.0
2026-06-16 12:00:00,27.7,84,100,100,73,98,438.0,60.0,378.0,1.2,9.4
2026-06-16 13:00:00,27.0,88,100,45,88,98,449.0,78.0,371.0,4.1,9.2
2026-06-16 14:00:00,28.0,82,100,77,100,49,317.0,9.0,308.0,3.5,8.8
2026-06-16 15:00:00,28.6,79,100,100,100,88,680.0,322.0,358.0,2.1,11.9
2026-06-16 16:00:00,26.4,94,100,63,100,100,143.0,0.0,143.0,5.0,13.6
2026-06-16 17:00:00,26.3,91,100,10,100,99,126.0,2.0,124.0,1.9,14.9
2026-06-16 18:00:00,25.8,93,100,27,100,98,70.0,0.0,70.0,4.5,10.7
2026-06-16 19:00:00,25.6,95,100,56,100,98,24.0,0.0,24.0,2.6,11.7
2026-06-16 20:00:00,26.1,96,100,11,48,99,0.0,0.0,0.0,6.4,9.1
2026-06-16 21:00:00,26.0,95,100,21,17,100,0.0,0.0,0.0,0.5,9.0
2026-06-16 22:00:00,25.7,93,100,97,100,100,0.0,0.0,0.0,0.4,8.9
2026-06-16 23:00:00,25.8,95,100,63,23,100,0.0,0.0,0.0,0.1,10.4
2026-06-17 00:00:00,25.6,95,93,20,48,84,0.0,0.0,0.0,0.1,11.1
2026-06-17 01:00:00,25.2,96,98,11,32,98,0.0,0.0,0.0,0.2,8.9
2026-06-17 02:00:00,25.4,95,97,46,23,94,0.0,0.0,0.0,0.4,8.8
2026-06-17 03:00:00,25.2,95,95,12,23,92,0.0,0.0,0.0,0.0,8.8
2026-06-17 04:00:00,24.9,96,51,20,19,24,0.0,0.0,0.0,0.0,7.4
2026-06-17 05:00:00,24.9,96,72,34,15,51,0.0,0.0,0.0,0.0,9.0
2026-06-17 06:00:00,25.0,95,72,14,26,60,2.0,0.0,2.0,0.0,9.4
2026-06-17 07:00:00,25.7,91,95,52,52,79,79.0,24.0,55.0,0.2,11.4
2026-06-17 08:00:00,27.8,88,90,0,39,84,185.0,61.0,124.0,0.2,6.3
2026-06-17 09:00:00,28.9,74,91,26,23,84,421.0,255.0,166.0,0.1,14.3
2026-06-17 10:00:00,28.2,80,78,17,38,59,562.0,367.0,195.0,0.8,17.2
2026-06-17 11:00:00,29.3,75,53,9,24,33,615.0,296.0,319.0,0.2,14.8
2026-06-17 12:00:00,30.6,72,40,2,24,20,831.0,600.0,231.0,0.1,16.0
2026-06-17 13:00:00,31.5,64,100,92,100,40,875.0,656.0,219.0,0.0,17.9
2026-06-17 14:00:00,28.1,80,100,34,100,47,587.0,216.0,371.0,0.2,18.8
2026-06-17 15:00:00,26.6,93,100,18,100,45,291.0,25.0,266.0,4.0,16.5
2026-06-17 16:00:00,26.9,83,100,91,100,58,232.0,62.0,170.0,0.7,21.6
2026-06-17 17:00:00,25.8,92,100,36,100,95,221.0,71.0,150.0,2.1,22.0
2026-06-17 18:00:00,25.5,94,98,5,59,98,88.0,43.0,45.0,3.6,15.0
2026-06-17 19:00:00,25.5,95,98,5,15,97,30.0,10.0,20.0,1.2,6.8
2026-06-17 20:00:00,26.2,90,100,1,96,99,1.0,0.0,1.0,0.7,13.4
2026-06-17 21:00:00,26.1,87,100,0,92,96,0.0,0.0,0.0,0.0,13.1
2026-06-17 22:00:00,25.8,88,98,2,16,97,0.0,0.0,0.0,0.0,10.1
2026-06-17 23:00:00,25.5,93,99,14,40,98,0.0,0.0,0.0,0.1,10.2
2026-06-18 00:00:00,25.5,94,98,17,49,96,0.0,0.0,0.0,0.1,10.9
2026-06-18 01:00:00,25.3,96,92,2,17,91,0.0,0.0,0.0,0.4,10.7
2026-06-18 02:00:00,25.9,97,96,14,9,95,0.0,0.0,0.0,0.0,6.7
2026-06-18 03:00:00,24.7,99,100,12,100,98,0.0,0.0,0.0,0.5,10.2
2026-06-18 04:00:00,24.9,98,94,9,63,82,0.0,0.0,0.0,0.2,9.1
2026-06-18 05:00:00,24.9,97,84,0,66,52,0.0,0.0,0.0,0.1,8.4
2026-06-18 06:00:00,24.9,97,100,20,100,51,2.0,0.0,2.0,0.0,7.3
2026-06-18 07:00:00,25.7,95,100,100,95,61,49.0,13.0,36.0,0.0,12.8
2026-06-18 08:00:00,26.0,95,100,100,100,100,91.0,4.0,87.0,0.0,12.5
2026-06-18 09:00:00,26.4,95,100,8,97,100,96.0,3.0,93.0,2.6,13.5
2026-06-18 10:00:00,26.1,93,100,29,89,100,245.0,35.0,210.0,4.1,15.4
2026-06-18 11:00:00,25.6,95,100,9,100,99,102.0,4.0,98.0,5.8,13.1
2026-06-18 12:00:00,25.5,95,100,2,100,100,139.0,5.0,134.0,4.4,13.7
2026-06-18 13:00:00,25.5,96,100,3,52,100,94.0,1.0,93.0,4.4,12.0
2026-06-18 14:00:00,25.9,96,100,7,100,100,190.0,0.0,190.0,1.8,10.0
2026-06-18 15:00:00,26.0,97,100,0,100,100,131.0,6.0,125.0,1.0,10.1
2026-06-18 16:00:00,25.9,96,100,3,100,100,71.0,0.0,71.0,1.1,11.6
2026-06-18 17:00:00,26.0,96,100,2,100,100,51.0,0.0,51.0,1.1,10.8
2026-06-18 18:00:00,25.9,97,100,1,100,100,26.0,0.0,26.0,0.8,11.1
2026-06-18 19:00:00,25.9,97,100,4,91,100,12.0,0.0,12.0,0.4,12.4
2026-06-18 20:00:00,26.7,95,100,21,91,100,1.0,0.0,1.0,0.1,8.1
2026-06-18 21:00:00,26.1,97,99,18,3,99,0.0,0.0,0.0,0.5,8.2
2026-06-18 22:00:00,25.6,97,98,1,18,97,0.0,0.0,0.0,0.0,12.9
2026-06-18 23:00:00,24.8,97,100,5,30,100,0.0,0.0,0.0,0.1,14.0
2026-06-19 00:00:00,24.8,97,100,1,30,100,0.0,0.0,0.0,0.0,13.4
2026-06-19 01:00:00,25.1,96,100,35,41,99,0.0,0.0,0.0,0.1,10.4
2026-06-19 02:00:00,25.8,98,88,1,31,82,0.0,0.0,0.0,0.2,5.6
2026-06-19 03:00:00,25.6,97,91,1,23,88,0.0,0.0,0.0,0.0,4.4
2026-06-19 04:00:00,25.7,97,98,13,38,97,0.0,0.0,0.0,0.0,6.0
2026-06-19 05:00:00,25.8,96,100,2,100,77,0.0,0.0,0.0,0.0,10.4
2026-06-19 06:00:00,25.7,95,87,7,25,82,0.0,0.0,0.0,0.4,15.9
2026-06-19 07:00:00,25.1,95,97,16,58,95,40.0,4.0,36.0,0.3,13.2
2026-06-19 08:00:00,26.6,88,100,5,38,100,131.0,10.0,121.0,0.1,14.4
2026-06-19 09:00:00,27.3,87,100,2,85,100,173.0,14.0,159.0,0.4,13.1
2026-06-19 10:00:00,27.1,91,100,5,9,100,183.0,3.0,180.0,1.2,14.2
2026-06-19 11:00:00,27.7,87,100,41,25,100,278.0,21.0,257.0,0.6,15.3
2026-06-19 12:00:00,29.4,79,100,13,7,100,421.0,63.0,358.0,0.1,16.8
2026-06-19 13:00:00,30.7,75,100,7,9,100,546.0,135.0,411.0,0.0,14.6
2026-06-19 14:00:00,29.2,81,98,4,4,98,629.0,240.0,389.0,1.0,14.6
2026-06-19 15:00:00,30.3,76,98,16,5,98,416.0,141.0,275.0,0.1,14.4
2026-06-19 16:00:00,30.9,73,99,9,4,99,443.0,143.0,300.0,0.0,16.2
2026-06-19 17:00:00,30.3,74,99,27,5,99,305.0,73.0,232.0,0.1,13.5
2026-06-19 18:00:00,30.0,75,96,1,2,96,128.0,21.0,107.0,0.0,12.8
2026-06-19 19:00:00,29.2,78,98,1,2,98,61.0,10.0,51.0,0.0,11.7
2026-06-19 20:00:00,28.8,79,100,0,18,100,1.0,0.0,1.0,0.0,12.5
2026-06-19 21:00:00,28.1,83,100,0,13,100,0.0,0.0,0.0,0.0,12.6
2026-06-19 22:00:00,27.9,85,99,0,10,98,0.0,0.0,0.0,0.0,12.2
2026-06-19 23:00:00,27.7,87,99,2,5,99,0.0,0.0,0.0,0.0,12.0
2026-06-20 00:00:00,27.6,87,99,2,9,99,0.0,0.0,0.0,0.0,12.2
2026-06-20 01:00:00,27.4,87,100,4,13,100,0.0,0.0,0.0,0.0,11.5
2026-06-20 02:00:00,27.0,88,99,1,5,99,0.0,0.0,0.0,0.0,10.3
2026-06-20 03:00:00,26.9,89,98,3,7,98,0.0,0.0,0.0,0.0,11.0
2026-06-20 04:00:00,26.5,91,71,2,2,70,0.0,0.0,0.0,0.0,10.3
2026-06-20 05:00:00,26.3,91,84,6,2,83,0.0,0.0,0.0,0.0,9.6
2026-06-20 06:00:00,26.3,91,84,2,2,84,2.0,0.0,2.0,0.0,9.5
2026-06-20 07:00:00,27.4,87,97,16,1,96,87.0,37.0,50.0,0.0,12.1
2026-06-20 08:00:00,29.6,79,88,7,1,87,264.0,155.0,109.0,0.0,13.3
2026-06-20 09:00:00,30.6,74,88,9,5,87,430.0,245.0,185.0,0.1,15.4
2026-06-20 10:00:00,31.8,67,92,10,4,91,646.0,465.0,181.0,0.0,16.7
2026-06-20 11:00:00,32.7,62,95,5,5,95,765.0,567.0,198.0,0.0,16.9
2026-06-20 12:00:00,33.6,59,98,7,5,97,923.0,764.0,159.0,0.0,17.7
2026-06-20 13:00:00,34.1,58,98,4,3,97,943.0,775.0,168.0,0.0,17.1
2026-06-20 14:00:00,33.0,59,95,6,5,94,881.0,681.0,200.0,0.2,17.7
2026-06-20 15:00:00,33.1,58,98,2,8,98,759.0,566.0,193.0,0.2,17.6
2026-06-20 16:00:00,32.9,58,87,0,2,87,587.0,330.0,257.0,0.0,14.9
2026-06-20 17:00:00,32.3,61,83,0,2,83,428.0,253.0,175.0,0.0,15.9
2026-06-20 18:00:00,31.5,67,96,1,2,95,246.0,125.0,121.0,0.0,12.6
2026-06-20 19:00:00,30.1,73,96,1,2,96,72.0,15.0,57.0,0.0,8.9
2026-06-20 20:00:00,29.0,78,94,0,1,94,2.0,0.0,2.0,0.0,8.5
2026-06-20 21:00:00,28.3,83,96,0,0,96,0.0,0.0,0.0,0.0,7.9
2026-06-20 22:00:00,27.8,86,94,0,0,94,0.0,0.0,0.0,0.0,8.7
2026-06-20 23:00:00,27.4,89,92,0,0,92,0.0,0.0,0.0,0.0,9.6
2026-06-21 00:00:00,27.3,90,99,0,0,99,0.0,0.0,0.0,0.0,10.6
2026-06-21 01:00:00,27.2,91,100,2,0,100,0.0,0.0,0.0,0.0,9.1
2026-06-21 02:00:00,27.6,92,99,16,0,99,0.0,0.0,0.0,0.0,10.1
2026-06-21 03:00:00,27.2,92,99,5,2,99,0.0,0.0,0.0,0.1,9.3
2026-06-21 04:00:00,26.9,94,99,0,1,99,0.0,0.0,0.0,0.0,7.3
2026-06-21 05:00:00,26.7,95,83,0,1,83,0.0,0.0,0.0,0.0,7.7
2026-06-21 06:00:00,26.6,95,86,1,2,85,2.0,0.0,2.0,0.0,7.9
2026-06-21 07:00:00,27.6,90,100,2,2,100,86.0,33.0,53.0,0.0,10.1
2026-06-21 08:00:00,29.0,82,96,11,2,95,243.0,130.0,113.0,0.0,11.2
2026-06-21 09:00:00,30.1,76,98,17,2,98,452.0,307.0,145.0,0.1,13.0
2026-06-21 10:00:00,31.0,71,99,16,5,99,619.0,431.0,188.0,0.1,14.9
2026-06-21 11:00:00,32.2,65,100,16,8,100,756.0,507.0,249.0,0.1,15.2
2026-06-21 12:00:00,33.1,62,100,13,6,100,822.0,553.0,269.0,0.1,16.3
2026-06-21 13:00:00,33.7,59,97,15,9,97,870.0,625.0,245.0,0.1,17.8
2026-06-21 14:00:00,33.9,56,96,15,12,95,846.0,610.0,236.0,0.2,16.3
2026-06-21 15:00:00,33.9,57,96,5,8,95,803.0,637.0,166.0,0.2,15.3
2026-06-21 16:00:00,33.5,58,100,7,26,100,615.0,454.0,161.0,0.1,14.5
2026-06-21 17:00:00,32.8,62,100,8,8,100,414.0,278.0,136.0,0.1,14.2
2026-06-21 18:00:00,31.8,69,98,2,2,98,248.0,134.0,114.0,0.0,13.2
2026-06-21 19:00:00,30.5,74,98,0,1,98,84.0,32.0,52.0,0.0,13.0
2026-06-21 20:00:00,29.8,78,100,1,1,100,1.0,0.0,1.0,0.0,11.6
2026-06-21 21:00:00,29.2,81,100,1,1,100,0.0,0.0,0.0,0.0,10.6
2026-06-21 22:00:00,28.6,85,98,0,0,98,0.0,0.0,0.0,0.0,10.8
2026-06-21 23:00:00,28.0,88,99,0,0,99,0.0,0.0,0.0,0.0,11.0
2026-06-22 00:00:00,27.6,90,98,0,0,98,0.0,0.0,0.0,0.0,10.8
2026-06-22 01:00:00,27.3,92,81,5,0,80,0.0,0.0,0.0,0.0,10.5
2026-06-22 02:00:00,27.7,92,91,2,0,91,0.0,0.0,0.0,0.0,10.9
2026-06-22 03:00:00,27.3,93,97,2,0,97,0.0,0.0,0.0,0.0,9.6
2026-06-22 04:00:00,27.0,94,56,3,0,55,0.0,0.0,0.0,0.0,8.0
2026-06-22 05:00:00,26.8,95,87,1,0,87,0.0,0.0,0.0,0.0,9.2
2026-06-22 06:00:00,26.8,95,68,1,0,67,2.0,0.0,2.0,0.0,9.6
2026-06-22 07:00:00,27.8,90,66,5,0,64,89.0,42.0,47.0,0.0,9.4
2026-06-22 08:00:00,29.0,80,8,8,0,0,271.0,169.0,102.0,0.0,11.8
2026-06-22 09:00:00,30.1,74,32,32,0,0,462.0,326.0,136.0,0.0,13.7
2026-06-22 10:00:00,31.3,68,84,83,2,0,631.0,454.0,177.0,0.0,14.9
2026-06-22 11:00:00,32.4,64,37,26,16,0,740.0,548.0,192.0,0.2,14.4
2026-06-22 12:00:00,33.3,60,36,21,23,0,793.0,559.0,234.0,0.3,13.7
2026-06-22 13:00:00,33.9,59,14,8,9,0,856.0,633.0,223.0,0.3,13.1
2026-06-22 14:00:00,34.1,57,21,16,11,0,858.0,689.0,169.0,0.3,11.0
2026-06-22 15:00:00,33.7,60,44,20,35,2,762.0,595.0,167.0,0.2,11.5
2026-06-22 16:00:00,33.7,60,12,3,9,1,588.0,417.0,171.0,0.2,10.7
2026-06-22 17:00:00,33.5,61,13,6,8,1,472.0,364.0,108.0,0.0,12.0
2026-06-22 18:00:00,32.7,66,12,9,5,0,265.0,180.0,85.0,0.0,9.9
2026-06-22 19:00:00,31.1,73,6,4,2,0,88.0,47.0,41.0,0.0,11.7
2026-06-22 20:00:00,30.7,76,7,4,4,0,2.0,0.0,2.0,0.0,10.8
2026-06-22 21:00:00,29.8,81,4,3,2,0,0.0,0.0,0.0,0.0,10.5
2026-06-22 22:00:00,29.2,84,2,1,2,0,0.0,0.0,0.0,0.0,12.3
2026-06-22 23:00:00,28.6,87,0,0,0,0,0.0,0.0,0.0,0.0,12.5
2026-06-23 00:00:00,28.2,89,2,1,1,0,0.0,0.0,0.0,0.0,12.4
2026-06-23 01:00:00,27.9,90,5,5,1,0,0.0,0.0,0.0,0.0,12.6
2026-06-23 02:00:00,28.2,90,13,4,2,9,0.0,0.0,0.0,0.0,12.0
2026-06-23 03:00:00,27.8,91,3,2,0,1,0.0,0.0,0.0,0.0,10.5
2026-06-23 04:00:00,27.6,92,2,1,1,0,0.0,0.0,0.0,0.0,8.3
2026-06-23 05:00:00,27.4,93,2,2,0,0,0.0,0.0,0.0,0.0,6.5
2026-06-23 06:00:00,27.3,93,1,1,0,0,2.0,0.0,2.0,0.0,5.2
2026-06-23 07:00:00,28.4,88,3,3,1,0,88.0,44.0,44.0,0.0,7.3
2026-06-23 08:00:00,29.8,83,42,39,0,5,275.0,184.0,91.0,0.0,9.8
2026-06-23 09:00:00,30.8,78,13,9,3,3,439.0,284.0,155.0,0.0,9.8
2026-06-23 10:00:00,32.0,73,20,3,2,16,656.0,513.0,143.0,0.0,10.7
2026-06-23 11:00:00,33.2,69,59,4,2,57,810.0,654.0,156.0,0.1,10.4
2026-06-23 12:00:00,34.0,63,100,100,100,68,902.0,715.0,187.0,0.1,13.1
2026-06-23 13:00:00,28.3,87,96,22,52,91,308.0,0.0,308.0,8.2,16.7
2026-06-23 14:00:00,32.5,68,54,6,6,48,352.0,130.0,222.0,7.0,8.8
2026-06-23 15:00:00,32.7,68,52,5,4,49,788.0,615.0,173.0,0.2,9.8
2026-06-23 16:00:00,32.7,66,13,5,2,8,646.0,505.0,141.0,0.1,10.1
2026-06-23 17:00:00,32.4,67,45,19,11,26,472.0,357.0,115.0,0.2,11.7
2026-06-23 18:00:00,31.1,75,17,0,2,16,249.0,154.0,95.0,0.3,9.9
2026-06-23 19:00:00,30.4,82,11,2,0,9,86.0,43.0,43.0,0.0,7.1
2026-06-23 20:00:00,29.9,82,4,2,0,1,2.0,0.0,2.0,0.0,9.3
2026-06-23 21:00:00,29.5,85,12,2,2,9,0.0,0.0,0.0,0.0,9.2
2026-06-23 22:00:00,29.3,87,62,0,1,62,0.0,0.0,0.0,0.0,8.7
2026-06-23 23:00:00,28.8,88,9,0,0,9,0.0,0.0,0.0,0.0,8.5
2026-06-24 00:00:00,28.4,90,43,0,0,42,0.0,0.0,0.0,0.0,9.2
2026-06-24 01:00:00,28.3,91,48,2,1,47,0.0,0.0,0.0,0.0,9.2
2026-06-24 02:00:00,28.5,90,31,1,1,30,0.0,0.0,0.0,0.0,8.7
2026-06-24 03:00:00,28.0,93,25,1,0,24,0.0,0.0,0.0,0.0,6.7
2026-06-24 04:00:00,27.7,94,47,0,0,47,0.0,0.0,0.0,0.0,5.2
2026-06-24 05:00:00,27.4,96,73,2,2,72,0.0,0.0,0.0,0.0,4.0
2026-06-24 06:00:00,27.5,96,84,6,2,82,2.0,0.0,2.0,0.0,5.2
2026-06-24 07:00:00,28.6,90,62,29,1,46,84.0,35.0,49.0,0.0,9.0
2026-06-24 08:00:00,30.0,84,82,9,5,80,257.0,158.0,99.0,0.0,8.3
2026-06-24 09:00:00,31.0,77,95,13,13,94,435.0,272.0,163.0,0.0,8.7
2026-06-24 10:00:00,32.1,73,99,6,3,99,641.0,464.0,177.0,0.0,8.0
2026-06-24 11:00:00,33.2,68,100,2,2,100,803.0,623.0,180.0,0.0,8.4
2026-06-24 12:00:00,34.0,64,55,8,5,50,877.0,683.0,194.0,0.0,9.9
2026-06-24 13:00:00,31.0,74,100,100,98,82,885.0,692.0,193.0,1.4,13.7
2026-06-24 14:00:00,33.4,63,79,18,6,73,476.0,99.0,377.0,2.1,11.4
2026-06-24 15:00:00,33.3,61,93,32,25,88,745.0,565.0,180.0,0.1,12.1
2026-06-24 16:00:00,31.5,71,81,1,2,80,469.0,242.0,227.0,0.6,9.1
2026-06-24 17:00:00,32.3,68,65,4,3,62,440.0,295.0,145.0,0.0,5.3
2026-06-24 18:00:00,32.1,69,65,2,1,64,267.0,169.0,98.0,0.0,2.5
2026-06-24 19:00:00,30.9,78,43,6,5,39,85.0,37.0,48.0,0.0,4.0
2026-06-24 20:00:00,30.7,85,73,2,3,72,2.0,0.0,2.0,0.0,2.4
2026-06-24 21:00:00,29.7,86,46,1,1,45,0.0,0.0,0.0,0.0,6.9
2026-06-24 22:00:00,29.3,87,68,5,11,64,0.0,0.0,0.0,0.0,4.5
2026-06-24 23:00:00,29.1,90,48,0,13,41,0.0,0.0,0.0,0.1,4.6
2026-06-25 00:00:00,28.8,94,60,2,16,53,0.0,0.0,0.0,0.0,8.3
2026-06-25 01:00:00,28.7,95,98,0,4,98,0.0,0.0,0.0,0.0,9.4
2026-06-25 02:00:00,28.3,93,92,0,6,92,0.0,0.0,0.0,0.0,5.5
2026-06-25 03:00:00,27.8,94,88,5,10,87,0.0,0.0,0.0,0.0,4.0
2026-06-25 04:00:00,27.3,96,95,0,13,95,0.0,0.0,0.0,0.0,8.7
2026-06-25 05:00:00,26.8,98,96,2,18,95,0.0,0.0,0.0,0.0,9.7
2026-06-25 06:00:00,26.2,98,95,4,9,94,2.0,0.0,2.0,0.0,7.2
2026-06-25 07:00:00,26.6,95,100,10,98,78,84.0,38.0,46.0,0.0,7.8
2026-06-25 08:00:00,28.5,89,99,0,20,99,236.0,126.0,110.0,0.0,8.9
2026-06-25 09:00:00,29.4,82,100,0,38,100,323.0,92.0,231.0,0.0,7.3
2026-06-25 10:00:00,30.0,79,100,3,18,100,379.0,94.0,285.0,0.0,7.1
2026-06-25 11:00:00,30.8,75,98,17,16,98,515.0,178.0,337.0,0.0,2.7
2026-06-25 12:00:00,32.1,71,99,79,5,96,652.0,291.0,361.0,0.0,4.0
2026-06-25 13:00:00,28.6,86,98,18,27,97,527.0,98.0,429.0,2.7,10.1
2026-06-25 14:00:00,32.4,66,97,0,9,96,545.0,186.0,359.0,0.6,5.7
2026-06-25 15:00:00,32.0,72,88,0,1,88,748.0,534.0,214.0,0.7,2.7
2026-06-25 16:00:00,32.2,72,94,4,2,93,505.0,274.0,231.0,0.1,2.8
2026-06-25 17:00:00,30.5,79,95,12,9,95,424.0,268.0,156.0,0.8,9.0
2026-06-25 18:00:00,28.8,88,99,2,0,99,183.0,83.0,100.0,2.8,3.1
2026-06-25 19:00:00,28.7,89,99,6,5,99,41.0,6.0,35.0,0.1,1.8
2026-06-25 20:00:00,27.9,97,100,0,100,100,1.0,0.0,1.0,0.1,4.7
2026-06-25 21:00:00,28.0,97,100,0,52,100,0.0,0.0,0.0,7.1,2.6
2026-06-25 22:00:00,27.8,96,100,0,20,100,0.0,0.0,0.0,3.6,3.8
2026-06-25 23:00:00,27.5,98,100,0,0,100,0.0,0.0,0.0,0.4,5.1
2026-06-26 00:00:00,27.3,98,100,2,5,100,0.0,0.0,0.0,0.0,2.1
2026-06-26 01:00:00,27.1,97,100,1,0,100,0.0,0.0,0.0,0.0,3.3
2026-06-26 02:00:00,27.0,94,100,10,4,100,0.0,0.0,0.0,0.0,2.3
2026-06-26 03:00:00,26.0,96,100,98,86,98,0.0,0.0,0.0,0.8,7.8
2026-06-26 04:00:00,26.0,97,98,54,86,82,0.0,0.0,0.0,1.8,7.0
2026-06-26 05:00:00,25.6,97,94,1,2,94,0.0,0.0,0.0,2.6,3.4
2026-06-26 06:00:00,25.4,99,100,12,92,98,1.0,0.0,1.0,0.9,3.6
2026-06-26 07:00:00,25.6,97,100,30,100,100,34.0,6.0,28.0,1.0,10.2
2026-06-26 08:00:00,27.3,89,100,1,100,90,92.0,4.0,88.0,0.3,8.5
2026-06-26 09:00:00,28.3,83,100,2,100,55,282.0,91.0,191.0,0.0,8.6
2026-06-26 10:00:00,28.8,80,100,5,100,92,301.0,53.0,248.0,0.0,6.0
2026-06-26 11:00:00,29.1,79,100,13,100,98,284.0,34.0,250.0,0.0,4.8
2026-06-26 12:00:00,29.1,80,100,9,100,98,236.0,21.0,215.0,0.1,5.3
2026-06-26 13:00:00,28.5,83,100,26,100,97,205.0,0.0,205.0,0.3,3.5
2026-06-26 14:00:00,31.9,70,100,100,32,98,258.0,0.0,258.0,0.9,4.0
2026-06-26 15:00:00,27.1,94,100,59,75,99,331.0,38.0,293.0,7.1,11.9
2026-06-26 16:00:00,27.5,92,100,30,91,98,179.0,37.0,142.0,2.4,3.6
2026-06-26 17:00:00,28.1,90,100,9,93,96,163.0,19.0,144.0,0.9,3.0
2026-06-26 18:00:00,28.2,89,98,18,13,97,139.0,38.0,101.0,0.9,2.8
2026-06-26 19:00:00,27.9,92,96,4,11,96,54.0,7.0,47.0,0.6,0.0
2026-06-26 20:00:00,28.4,87,100,0,100,100,1.0,0.0,1.0,0.2,1.7
2026-06-26 21:00:00,27.8,93,100,3,100,100,0.0,0.0,0.0,0.4,2.3
2026-06-26 22:00:00,27.4,97,100,0,95,100,0.0,0.0,0.0,0.8,5.2
2026-06-26 23:00:00,27.3,98,100,12,100,100,0.0,0.0,0.0,0.5,3.2
2026-06-27 00:00:00,27.1,95,100,33,23,100,0.0,0.0,0.0,0.8,1.7
2026-06-27 01:00:00,27.0,94,100,33,6,100,0.0,0.0,0.0,0.9,2.4
2026-06-27 02:00:00,27.0,96,100,14,18,100,0.0,0.0,0.0,0.3,1.6
2026-06-27 03:00:00,26.7,98,98,4,4,97,0.0,0.0,0.0,0.0,1.5
2026-06-27 04:00:00,26.6,98,93,2,2,93,0.0,0.0,0.0,0.0,0.4
2026-06-27 05:00:00,26.4,98,89,4,7,88,0.0,0.0,0.0,0.0,0.6
2026-06-27 06:00:00,26.2,100,100,99,20,96,1.0,0.0,1.0,0.0,2.3
2026-06-27 07:00:00,26.0,99,99,89,25,95,69.0,19.0,50.0,0.0,4.7
2026-06-27 08:00:00,28.0,89,96,22,26,94,224.0,94.0,130.0,0.2,4.6
2026-06-27 09:00:00,29.1,83,98,23,50,95,405.0,209.0,196.0,0.0,4.4
2026-06-27 10:00:00,30.0,78,98,38,78,88,489.0,218.0,271.0,0.0,3.9
2026-06-27 11:00:00,31.0,74,92,5,39,86,610.0,288.0,322.0,0.0,4.2
2026-06-27 12:00:00,30.3,74,98,85,63,75,741.0,432.0,309.0,0.1,9.0
2026-06-27 13:00:00,29.5,79,94,6,48,88,529.0,166.0,363.0,1.2,9.4
2026-06-27 14:00:00,31.6,70,100,98,57,93,793.0,547.0,246.0,0.0,2.1
2026-06-27 15:00:00,27.7,91,100,0,92,99,416.0,144.0,272.0,4.7,13.2
2026-06-27 16:00:00,27.5,93,97,9,15,95,191.0,63.0,128.0,1.8,3.1
2026-06-27 17:00:00,29.1,84,91,1,6,91,264.0,87.0,177.0,0.7,2.6
2026-06-27 18:00:00,29.3,82,85,13,14,80,191.0,69.0,122.0,0.2,3.8
2026-06-27 19:00:00,28.3,86,98,59,38,92,78.0,23.0,55.0,0.3,3.8
2026-06-27 20:00:00,28.4,93,99,0,97,86,1.0,0.0,1.0,0.3,3.6
2026-06-27 21:00:00,28.1,94,100,0,100,53,0.0,0.0,0.0,0.0,4.0
2026-06-27 22:00:00,27.7,96,68,9,27,55,0.0,0.0,0.0,0.0,5.2
2026-06-27 23:00:00,27.5,97,42,2,25,23,0.0,0.0,0.0,0.0,3.8
2026-06-28 00:00:00,26.9,95,97,16,95,42,0.0,0.0,0.0,0.8,3.3
2026-06-28 01:00:00,25.8,99,98,35,64,96,0.0,0.0,0.0,2.8,6.5
2026-06-28 02:00:00,26.4,96,100,90,57,98,0.0,0.0,0.0,0.5,9.3
2026-06-28 03:00:00,25.7,98,98,2,16,98,0.0,0.0,0.0,6.1,4.2
2026-06-28 04:00:00,25.5,98,100,99,66,98,0.0,0.0,0.0,4.0,7.3
2026-06-28 05:00:00,25.6,96,99,33,30,99,0.0,0.0,0.0,2.8,5.2
2026-06-28 06:00:00,25.5,96,100,100,26,98,1.0,0.0,1.0,1.5,4.6
2026-06-28 07:00:00,25.8,95,100,100,45,99,43.0,3.0,40.0,0.5,8.4
2026-06-28 08:00:00,27.5,89,100,27,41,99,131.0,19.0,112.0,0.2,4.9
2026-06-28 09:00:00,28.1,87,100,5,100,99,203.0,20.0,183.0,0.4,5.1
2026-06-28 10:00:00,28.6,84,100,16,100,100,255.0,28.0,227.0,0.2,5.1
2026-06-28 11:00:00,28.8,84,100,4,100,100,353.0,62.0,291.0,0.6,6.4
2026-06-28 12:00:00,27.0,91,100,65,100,98,333.0,28.0,305.0,5.6,12.1
2026-06-28 13:00:00,28.0,90,99,20,13,99,368.0,104.0,264.0,2.7,11.7
2026-06-28 14:00:00,28.5,84,98,20,38,96,276.0,35.0,241.0,0.4,12.3
2026-06-28 15:00:00,29.5,82,100,15,98,100,490.0,171.0,319.0,0.4,12.5
2026-06-28 16:00:00,27.7,89,100,22,69,100,381.0,158.0,223.0,2.9,14.1
2026-06-28 17:00:00,26.9,95,100,15,100,100,140.0,6.0,134.0,1.5,12.1
2026-06-28 18:00:00,26.7,96,100,18,95,99,40.0,0.0,40.0,1.8,8.6
2026-06-28 19:00:00,26.8,97,100,14,84,99,31.0,0.0,31.0,0.5,8.6
2026-06-28 20:00:00,26.7,97,100,5,99,99,1.0,0.0,1.0,0.2,7.7
2026-06-28 21:00:00,26.7,98,100,4,33,100,0.0,0.0,0.0,0.3,7.4
2026-06-28 22:00:00,26.6,98,100,9,5,100,0.0,0.0,0.0,0.2,7.3
2026-06-28 23:00:00,26.6,98,100,3,2,100,0.0,0.0,0.0,0.1,7.4
2026-06-29 00:00:00,26.4,97,98,6,12,97,0.0,0.0,0.0,0.0,8.5
2026-06-29 01:00:00,26.0,95,99,38,28,98,0.0,0.0,0.0,0.2,4.1
2026-06-29 02:00:00,25.8,98,100,99,73,99,0.0,0.0,0.0,0.6,5.0
2026-06-29 03:00:00,25.6,98,97,4,19,96,0.0,0.0,0.0,0.6,11.0
2026-06-29 04:00:00,25.6,98,98,18,17,97,0.0,0.0,0.0,0.0,7.1
2026-06-29 05:00:00,25.1,96,100,82,87,98,0.0,0.0,0.0,1.8,4.7
2026-06-29 06:00:00,25.3,96,99,48,34,98,1.0,0.0,1.0,1.0,9.4
2026-06-29 07:00:00,25.9,95,100,13,56,100,48.0,3.0,45.0,0.0,9.7
2026-06-29 08:00:00,26.5,98,100,2,100,99,174.0,36.0,138.0,0.0,7.9
2026-06-29 09:00:00,27.2,95,98,0,49,98,131.0,11.0,120.0,0.3,8.4
2026-06-29 10:00:00,29.4,81,99,0,25,99,459.0,175.0,284.0,0.1,11.3
2026-06-29 11:00:00,30.9,70,98,2,10,98,666.0,331.0,335.0,0.0,11.3
2026-06-29 12:00:00,31.4,66,99,9,26,99,679.0,350.0,329.0,0.0,12.4
2026-06-29 13:00:00,32.2,66,98,9,12,97,820.0,458.0,362.0,0.0,12.7
2026-06-29 14:00:00,29.9,72,100,17,98,100,693.0,369.0,324.0,1.6,17.0
2026-06-29 15:00:00,29.1,80,100,0,71,99,350.0,62.0,288.0,0.1,10.3
2026-06-29 16:00:00,29.7,78,100,1,27,100,354.0,89.0,265.0,0.0,11.1
2026-06-29 17:00:00,30.1,75,100,7,69,99,343.0,105.0,238.0,0.0,12.3
2026-06-29 18:00:00,29.4,78,99,5,57,99,147.0,27.0,120.0,0.0,11.0
2026-06-29 19:00:00,28.5,85,100,4,100,98,38.0,3.0,35.0,0.0,7.8
2026-06-29 20:00:00,29.0,82,100,6,100,99,1.0,0.0,1.0,0.0,8.1
2026-06-29 21:00:00,28.0,87,100,6,100,99,0.0,0.0,0.0,0.2,8.4
2026-06-29 22:00:00,27.7,89,100,1,67,99,0.0,0.0,0.0,0.3,8.7
2026-06-29 23:00:00,27.3,92,100,0,23,99,0.0,0.0,0.0,0.0,6.9
2026-06-30 00:00:00,26.9,93,100,1,100,100,0.0,0.0,0.0,0.0,7.9
2026-06-30 01:00:00,26.8,92,100,3,5,100,0.0,0.0,0.0,0.0,7.3
2026-06-30 02:00:00,27.4,87,100,4,78,100,0.0,0.0,0.0,0.0,8.7
2026-06-30 03:00:00,27.0,89,100,0,81,100,0.0,0.0,0.0,0.0,6.8
2026-06-30 04:00:00,26.9,89,100,0,12,100,0.0,0.0,0.0,0.0,7.4
2026-06-30 05:00:00,26.6,89,100,0,25,100,0.0,0.0,0.0,0.0,7.5
2026-06-30 06:00:00,26.4,90,100,1,5,100,1.0,0.0,1.0,0.0,6.0
2026-06-30 07:00:00,27.2,88,98,3,13,98,57.0,17.0,40.0,0.0,4.4
2026-06-30 08:00:00,28.8,79,85,23,32,73,214.0,87.0,127.0,0.0,8.2
2026-06-30 09:00:00,29.6,75,100,27,100,95,380.0,218.0,162.0,0.1,8.6
2026-06-30 10:00:00,28.1,84,100,6,100,95,152.0,2.0,150.0,0.9,11.8
2026-06-30 11:00:00,27.7,90,100,0,100,82,260.0,25.0,235.0,2.6,10.4
2026-06-30 12:00:00,27.9,90,100,0,100,73,231.0,11.0,220.0,1.7,7.0
2026-06-30 13:00:00,30.1,79,75,2,7,73,429.0,153.0,276.0,0.1,4.8
2026-06-30 14:00:00,29.1,79,95,52,81,52,873.0,679.0,194.0,0.1,18.1
2026-06-30 15:00:00,28.0,87,91,1,33,85,338.0,98.0,240.0,7.5,5.0
2026-06-30 16:00:00,30.0,78,77,2,27,67,382.0,195.0,187.0,0.0,7.9
2026-06-30 17:00:00,31.3,65,96,4,47,92,457.0,306.0,151.0,0.0,13.6
2026-06-30 18:00:00,30.6,67,98,3,13,98,220.0,110.0,110.0,0.0,10.1
2026-06-30 19:00:00,29.4,73,97,3,2,97,69.0,18.0,51.0,0.0,7.8
2026-06-30 20:00:00,27.6,95,98,2,27,97,2.0,0.0,2.0,0.0,4.5
2026-06-30 21:00:00,27.5,91,100,1,11,100,0.0,0.0,0.0,0.0,6.7
2026-06-30 22:00:00,27.3,90,96,0,12,96,0.0,0.0,0.0,0.0,8.8
2026-06-30 23:00:00,26.9,92,66,2,7,63,0.0,0.0,0.0,0.0,8.1
2026-07-01 00:00:00,26.5,94,88,5,15,85,0.0,0.0,0.0,0.0,6.9
2026-07-01 01:00:00,26.2,95,100,13,2,100,0.0,0.0,0.0,0.0,5.9
2026-07-01 02:00:00,26.5,95,99,19,0,99,0.0,0.0,0.0,0.0,6.0
2026-07-01 03:00:00,26.2,96,100,9,2,100,0.0,0.0,0.0,0.1,4.8
2026-07-01 04:00:00,26.0,96,100,8,0,100,0.0,0.0,0.0,0.0,3.8
2026-07-01 05:00:00,25.9,97,100,11,1,100,0.0,0.0,0.0,0.0,5.4
2026-07-01 06:00:00,25.8,97,100,15,8,100,1.0,0.0,1.0,0.1,5.1
2026-07-01 07:00:00,26.7,93,99,17,20,99,71.0,23.0,48.0,0.1,6.3
2026-07-01 08:00:00,28.1,88,100,11,18,99,238.0,121.0,117.0,0.1,5.0
2026-07-01 09:00:00,29.1,83,100,8,8,99,362.0,126.0,236.0,0.0,5.3
2026-07-01 10:00:00,30.3,79,100,4,13,100,519.0,233.0,286.0,0.0,5.7
2026-07-01 11:00:00,31.3,74,100,27,7,100,682.0,381.0,301.0,0.0,7.0
2026-07-01 12:00:00,32.2,69,100,100,9,99,800.0,460.0,340.0,0.0,7.5
2026-07-01 13:00:00,32.8,66,91,41,9,84,807.0,433.0,374.0,0.0,7.1
2026-07-01 14:00:00,32.4,66,78,23,8,69,881.0,702.0,179.0,0.1,6.4
2026-07-01 15:00:00,32.8,66,92,22,4,90,801.0,627.0,174.0,0.1,5.4
2026-07-01 16:00:00,32.5,67,79,5,4,77,629.0,458.0,171.0,0.1,8.7
2026-07-01 17:00:00,32.2,66,65,7,7,61,461.0,338.0,123.0,0.1,8.4
2026-07-01 18:00:00,31.7,67,63,9,3,59,248.0,142.0,106.0,0.0,7.6
2026-07-01 19:00:00,30.6,75,53,9,2,48,83.0,34.0,49.0,0.0,5.5
2026-07-01 20:00:00,29.8,80,88,10,3,87,2.0,0.0,2.0,0.0,8.1
2026-07-01 21:00:00,28.7,85,95,20,25,92,0.0,0.0,0.0,0.1,9.0
2026-07-01 22:00:00,28.2,87,99,16,30,98,0.0,0.0,0.0,0.2,9.7
2026-07-01 23:00:00,27.8,90,99,13,13,99,0.0,0.0,0.0,0.3,7.0
2026-07-02 00:00:00,27.7,91,100,2,4,100,0.0,0.0,0.0,0.0,8.2
2026-07-02 01:00:00,27.4,92,97,1,1,97,0.0,0.0,0.0,0.0,6.2
2026-07-02 02:00:00,27.4,93,99,0,1,99,0.0,0.0,0.0,0.0,6.0
2026-07-02 03:00:00,26.8,95,98,0,1,98,0.0,0.0,0.0,0.0,6.0
2026-07-02 04:00:00,26.7,95,100,4,0,100,0.0,0.0,0.0,0.0,5.8
2026-07-02 05:00:00,26.6,94,93,5,2,92,0.0,0.0,0.0,0.0,6.2
2026-07-02 06:00:00,26.6,94,41,13,2,32,1.0,0.0,1.0,0.0,7.3
2026-07-02 07:00:00,27.1,90,89,29,9,84,72.0,26.0,46.0,0.0,12.5
2026-07-02 08:00:00,29.3,80,45,15,15,23,214.0,92.0,122.0,0.6,12.8
2026-07-02 09:00:00,30.2,77,40,20,23,4,438.0,292.0,146.0,0.0,14.4
2026-07-02 10:00:00,31.1,75,11,4,5,3,592.0,435.0,157.0,0.1,11.8
2026-07-02 11:00:00,32.4,72,10,5,4,2,829.0,685.0,144.0,0.1,10.3
2026-07-02 12:00:00,33.1,69,20,9,12,2,868.0,701.0,167.0,0.1,13.0
2026-07-02 13:00:00,33.4,66,86,14,6,82,880.0,704.0,176.0,0.1,15.2
2026-07-02 14:00:00,31.8,63,95,44,48,85,885.0,697.0,188.0,2.4,21.0
2026-07-02 15:00:00,32.0,67,56,3,2,55,690.0,471.0,219.0,0.8,13.0
2026-07-02 16:00:00,32.2,63,57,38,31,13,656.0,514.0,142.0,0.3,18.1
2026-07-02 17:00:00,31.3,69,37,14,20,17,438.0,303.0,135.0,0.3,17.6
2026-07-02 18:00:00,30.3,73,48,23,28,10,252.0,153.0,99.0,0.1,15.3
2026-07-02 19:00:00,29.6,78,29,13,9,14,78.0,36.0,42.0,0.0,12.9
2026-07-02 20:00:00,29.4,77,62,3,5,59,2.0,0.0,2.0,0.0,11.8
2026-07-02 21:00:00,28.8,79,41,9,14,27,0.0,0.0,0.0,0.0,10.2
2026-07-02 22:00:00,28.1,80,19,1,9,11,0.0,0.0,0.0,0.0,15.5
2026-07-02 23:00:00,27.3,84,34,0,4,31,0.0,0.0,0.0,0.0,10.3
2026-07-03 00:00:00,26.7,86,58,1,5,55,0.0,0.0,0.0,0.0,9.9
2026-07-03 01:00:00,26.4,87,99,0,2,99,0.0,0.0,0.0,0.0,9.7
2026-07-03 02:00:00,27.0,89,99,5,2,99,0.0,0.0,0.0,0.0,8.2
2026-07-03 03:00:00,26.6,91,98,8,1,98,0.0,0.0,0.0,0.0,8.6
2026-07-03 04:00:00,26.4,91,23,5,2,16,0.0,0.0,0.0,0.0,10.2
2026-07-03 05:00:00,26.3,91,22,15,9,2,0.0,0.0,0.0,0.0,11.2
2026-07-03 06:00:00,26.3,92,23,2,21,1,1.0,0.0,1.0,0.0,12.1
2026-07-03 07:00:00,26.9,90,41,2,29,14,75.0,32.0,43.0,0.0,10.5
2026-07-03 08:00:00,28.6,85,23,0,23,0,247.0,134.0,113.0,0.0,11.5
2026-07-03 09:00:00,28.6,81,71,30,48,23,435.0,308.0,127.0,1.1,19.2
2026-07-03 10:00:00,27.0,91,85,16,36,78,449.0,225.0,224.0,4.8,18.2
2026-07-03 11:00:00,29.6,79,80,13,8,75,547.0,266.0,281.0,0.1,14.0
2026-07-03 12:00:00,31.3,69,96,5,66,89,659.0,332.0,327.0,0.0,19.0
2026-07-03 13:00:00,32.0,64,95,13,43,90,663.0,286.0,377.0,0.0,22.7
2026-07-03 14:00:00,30.0,76,88,5,32,84,730.0,416.0,314.0,0.1,15.0
2026-07-03 15:00:00,29.0,83,96,52,14,91,638.0,394.0,244.0,2.9,15.9
2026-07-03 16:00:00,27.8,88,98,11,48,97,508.0,229.0,279.0,6.0,19.1
2026-07-03 17:00:00,27.5,87,98,7,16,98,187.0,56.0,131.0,0.6,18.3
2026-07-03 18:00:00,27.2,89,98,15,19,97,107.0,14.0,93.0,0.3,16.3
2026-07-03 19:00:00,27.1,89,99,21,61,97,46.0,4.0,42.0,0.1,15.7
2026-07-03 20:00:00,27.6,85,98,7,24,98,1.0,0.0,1.0,0.1,12.9
2026-07-03 21:00:00,27.4,86,100,5,34,100,0.0,0.0,0.0,0.0,13.6
2026-07-03 22:00:00,27.1,88,100,23,43,100,0.0,0.0,0.0,0.2,13.6
2026-07-03 23:00:00,26.0,94,99,4,27,99,0.0,0.0,0.0,2.3,13.8
2026-07-04 00:00:00,25.9,94,99,7,23,99,0.0,0.0,0.0,0.0,15.7
2026-07-04 01:00:00,26.1,92,100,100,63,92,0.0,0.0,0.0,0.4,16.2
2026-07-04 02:00:00,25.4,97,100,100,37,100,0.0,0.0,0.0,1.3,12.2
2026-07-04 03:00:00,25.1,98,100,53,49,100,0.0,0.0,0.0,1.7,13.2
2026-07-04 04:00:00,25.4,97,99,27,14,98,0.0,0.0,0.0,0.4,11.6
2026-07-04 05:00:00,25.6,96,99,51,42,97,0.0,0.0,0.0,0.3,11.8
2026-07-04 06:00:00,25.6,96,51,8,19,41,1.0,0.0,1.0,0.5,12.3
2026-07-04 07:00:00,26.1,94,83,62,23,45,69.0,25.0,44.0,0.1,14.2
2026-07-04 08:00:00,26.9,93,85,14,33,77,214.0,96.0,118.0,3.2,14.0
2026-07-04 09:00:00,27.4,92,100,100,12,54,281.0,112.0,169.0,1.3,12.9
2026-07-04 10:00:00,26.6,91,95,38,43,88,392.0,156.0,236.0,4.8,16.3
2026-07-04 11:00:00,27.3,92,95,7,13,95,284.0,59.0,225.0,1.8,14.2
2026-07-04 12:00:00,29.0,82,93,9,16,91,501.0,148.0,353.0,0.2,18.1
2026-07-04 13:00:00,29.7,79,100,100,56,97,734.0,398.0,336.0,0.8,24.4
2026-07-04 14:00:00,28.2,83,100,29,20,100,463.0,183.0,280.0,4.0,19.3
2026-07-04 15:00:00,27.0,93,100,19,48,100,276.0,14.0,262.0,2.7,17.0
2026-07-04 16:00:00,26.7,92,100,16,17,100,114.0,1.0,113.0,1.0,17.0
2026-07-04 17:00:00,27.3,90,100,5,36,100,161.0,5.0,156.0,0.6,15.2
2026-07-04 18:00:00,27.1,91,100,13,34,100,112.0,5.0,107.0,0.5,18.1
2026-07-04 19:00:00,26.7,90,100,3,20,100,32.0,0.0,32.0,0.1,15.2
2026-07-04 20:00:00,26.1,94,95,22,31,91,1.0,0.0,1.0,0.3,12.3
2026-07-04 21:00:00,26.1,93,99,6,55,98,0.0,0.0,0.0,0.1,12.7
2026-07-04 22:00:00,26.2,92,94,9,9,92,0.0,0.0,0.0,0.1,12.8
2026-07-04 23:00:00,26.1,92,94,5,17,91,0.0,0.0,0.0,0.0,12.4
2026-07-05 00:00:00,26.2,91,88,15,5,84,0.0,0.0,0.0,0.0,11.3
2026-07-05 01:00:00,26.1,92,90,15,9,88,0.0,0.0,0.0,0.0,9.7
2026-07-05 02:00:00,27.1,87,99,12,28,98,0.0,0.0,0.0,0.1,12.9
2026-07-05 03:00:00,26.8,88,73,18,44,49,0.0,0.0,0.0,0.0,10.6
2026-07-05 04:00:00,26.2,89,96,12,93,40,0.0,0.0,0.0,0.5,11.6
2026-07-05 05:00:00,25.8,91,57,16,39,27,0.0,0.0,0.0,0.1,6.3
2026-07-05 06:00:00,24.8,96,100,97,80,83,1.0,0.0,1.0,2.2,10.3
2026-07-05 07:00:00,25.6,94,72,28,22,50,38.0,12.0,26.0,0.8,6.2
2026-07-05 08:00:00,28.6,83,86,26,24,77,203.0,94.0,109.0,0.3,13.8
2026-07-05 09:00:00,29.2,79,98,33,19,96,448.0,310.0,138.0,0.5,18.2
2026-07-05 10:00:00,30.4,76,95,3,16,95,503.0,295.0,208.0,0.1,15.7
2026-07-05 11:00:00,29.5,79,98,39,13,98,714.0,459.0,255.0,0.9,25.5
2026-07-05 12:00:00,30.8,75,99,16,32,98,673.0,287.0,386.0,3.2,16.3
2026-07-05 13:00:00,30.4,74,100,100,17,99,461.0,95.0,366.0,0.2,18.6
2026-07-05 14:00:00,29.0,80,99,7,9,99,648.0,242.0,406.0,2.4,11.2
2026-07-05 15:00:00,30.8,71,99,5,27,99,512.0,135.0,377.0,0.3,20.5
2026-07-05 16:00:00,31.2,68,100,5,44,99,453.0,128.0,325.0,0.0,19.9
2026-07-05 17:00:00,30.6,67,99,2,18,99,307.0,85.0,222.0,0.4,20.7
2026-07-05 18:00:00,29.5,75,100,26,39,99,159.0,26.0,133.0,0.1,19.6
2026-07-05 19:00:00,28.7,80,100,30,9,100,65.0,15.0,50.0,0.0,18.0
2026-07-05 20:00:00,27.7,83,94,5,11,93,2.0,0.0,2.0,0.2,14.5
2026-07-05 21:00:00,27.7,85,98,2,13,98,0.0,0.0,0.0,0.0,14.6
2026-07-05 22:00:00,27.7,86,99,16,23,99,0.0,0.0,0.0,0.0,16.3
2026-07-05 23:00:00,26.5,90,99,46,19,98,0.0,0.0,0.0,0.6,16.6
2026-07-06 00:00:00,26.3,92,98,41,11,97,0.0,0.0,0.0,0.2,14.1
2026-07-06 01:00:00,26.2,93,98,36,10,97,0.0,0.0,0.0,0.6,13.2
2026-07-06 02:00:00,26.5,94,98,8,13,98,0.0,0.0,0.0,0.2,13.2
2026-07-06 03:00:00,26.4,94,97,0,21,96,0.0,0.0,0.0,0.0,14.5
2026-07-06 04:00:00,26.4,93,93,3,10,92,0.0,0.0,0.0,0.0,14.4
2026-07-06 05:00:00,26.5,91,76,0,6,74,0.0,0.0,0.0,0.0,13.4
2026-07-06 06:00:00,26.5,91,81,2,6,80,1.0,0.0,1.0,0.0,14.9
2026-07-06 07:00:00,27.4,87,96,8,12,95,75.0,28.0,47.0,0.0,15.0
2026-07-06 08:00:00,27.4,87,72,15,46,46,242.0,122.0,120.0,0.5,11.4
2026-07-06 09:00:00,28.7,82,63,1,10,58,346.0,186.0,160.0,0.2,10.0
2026-07-06 10:00:00,29.0,80,63,5,27,46,526.0,305.0,221.0,1.2,17.7
2026-07-06 11:00:00,28.9,85,100,100,49,71,691.0,414.0,277.0,2.2,17.5
2026-07-06 12:00:00,27.2,88,98,45,79,89,281.0,112.0,169.0,3.3,21.2
2026-07-06 13:00:00,30.1,78,99,63,44,98,669.0,297.0,372.0,0.6,16.5
2026-07-06 14:00:00,29.8,72,100,52,79,99,550.0,169.0,381.0,1.7,15.1
2026-07-06 15:00:00,27.1,90,100,2,100,100,499.0,176.0,323.0,9.3,13.6
2026-07-06 16:00:00,27.7,85,98,9,45,97,270.0,16.0,254.0,0.1,14.7
2026-07-06 17:00:00,27.2,89,100,13,70,99,257.0,59.0,198.0,1.3,18.4
2026-07-06 18:00:00,25.7,93,100,49,62,98,165.0,34.0,131.0,3.3,19.1
2026-07-06 19:00:00,25.8,93,99,6,36,99,29.0,0.0,29.0,1.0,13.7
2026-07-06 20:00:00,26.1,95,100,5,100,98,1.0,0.0,1.0,0.0,12.8
2026-07-06 21:00:00,26.0,96,100,2,100,98,0.0,0.0,0.0,0.7,12.1
2026-07-06 22:00:00,25.9,96,100,9,100,96,0.0,0.0,0.0,0.4,11.9
2026-07-06 23:00:00,25.9,96,100,5,100,78,0.0,0.0,0.0,0.3,12.0
2026-07-07 00:00:00,26.1,95,100,2,100,78,0.0,0.0,0.0,0.0,11.3
2026-07-07 01:00:00,26.1,94,100,7,99,78,0.0,0.0,0.0,0.0,10.3
2026-07-07 02:00:00,26.4,90,100,32,96,99,0.0,0.0,0.0,0.0,12.1
2026-07-07 03:00:00,26.1,94,95,7,30,93,0.0,0.0,0.0,0.6,9.4
2026-07-07 04:00:00,26.0,95,85,9,9,83,0.0,0.0,0.0,0.3,6.6
2026-07-07 05:00:00,24.5,97,100,16,100,97,0.0,0.0,0.0,3.0,10.5
2026-07-07 06:00:00,24.4,95,96,23,90,64,0.0,0.0,0.0,0.9,9.6
2026-07-07 07:00:00,24.8,95,100,65,98,92,25.0,2.0,23.0,1.5,7.4
2026-07-07 08:00:00,24.9,95,100,100,78,91,54.0,3.0,51.0,1.7,7.2
2026-07-07 09:00:00,25.1,95,100,39,96,99,154.0,35.0,119.0,1.8,13.7
2026-07-07 10:00:00,25.6,97,100,23,100,100,187.0,15.0,172.0,1.3,13.3
2026-07-07 11:00:00,25.7,97,100,21,99,98,83.0,0.0,83.0,2.0,12.9
2026-07-07 12:00:00,28.6,81,100,46,96,99,483.0,94.0,389.0,0.5,14.6
2026-07-07 13:00:00,29.8,78,100,100,21,97,601.0,273.0,328.0,0.1,18.1
2026-07-07 14:00:00,27.4,86,100,9,99,99,498.0,90.0,408.0,7.8,12.5
2026-07-07 15:00:00,27.7,86,100,2,90,100,349.0,38.0,311.0,1.0,12.4
2026-07-07 16:00:00,27.5,87,100,21,99,100,176.0,0.0,176.0,0.4,15.3
2026-07-07 17:00:00,27.1,89,100,2,52,99,162.0,13.0,149.0,1.1,12.7
2026-07-07 18:00:00,26.6,91,99,32,57,98,99.0,0.0,99.0,1.2,13.1
2026-07-07 19:00:00,25.1,98,100,66,77,100,26.0,0.0,26.0,4.4,12.3
2026-07-07 20:00:00,25.9,98,100,5,100,100,0.0,0.0,0.0,1.2,8.6
2026-07-07 21:00:00,26.0,97,100,0,30,100,0.0,0.0,0.0,1.3,10.4
2026-07-07 22:00:00,25.9,97,100,0,13,100,0.0,0.0,0.0,0.7,11.7
2026-07-07 23:00:00,25.8,96,42,5,24,25,0.0,0.0,0.0,0.2,10.6
2026-07-08 00:00:00,25.7,97,55,3,47,15,0.0,0.0,0.0,0.1,9.5
2026-07-08 01:00:00,25.6,97,85,3,84,5,0.0,0.0,0.0,0.0,9.0
2026-07-08 02:00:00,26.0,96,92,6,91,1,0.0,0.0,0.0,0.0,8.3
2026-07-08 03:00:00,25.9,97,100,13,100,47,0.0,0.0,0.0,0.1,7.5
2026-07-08 04:00:00,25.9,97,100,2,100,96,0.0,0.0,0.0,0.0,7.3
2026-07-08 05:00:00,25.8,96,100,10,100,99,0.0,0.0,0.0,0.0,6.5
2026-07-08 06:00:00,25.7,96,100,4,100,100,0.0,0.0,0.0,0.4,8.5
2026-07-08 07:00:00,25.8,96,77,5,45,67,23.0,6.0,17.0,0.1,8.7
2026-07-08 08:00:00,26.7,93,51,14,25,27,194.0,86.0,108.0,0.0,9.1
2026-07-08 09:00:00,28.8,79,43,16,21,16,378.0,246.0,132.0,0.2,11.9
2026-07-08 10:00:00,29.8,74,60,9,52,7,564.0,367.0,197.0,0.0,17.0
2026-07-08 11:00:00,28.7,79,63,30,57,9,600.0,288.0,312.0,2.0,15.5
2026-07-08 12:00:00,29.8,78,76,1,73,13,763.0,526.0,237.0,0.7,16.1
2026-07-08 13:00:00,30.7,73,64,51,14,15,741.0,493.0,248.0,0.1,19.0
2026-07-08 14:00:00,30.3,70,98,80,32,87,791.0,451.0,340.0,0.1,16.8
2026-07-08 15:00:00,28.9,80,91,13,21,88,444.0,121.0,323.0,2.4,11.6
2026-07-08 16:00:00,30.6,68,100,3,23,100,374.0,121.0,253.0,0.0,16.9
2026-07-08 17:00:00,29.4,75,95,9,13,95,226.0,43.0,183.0,0.3,12.8
2026-07-08 18:00:00,29.8,72,100,1,7,100,166.0,28.0,138.0,0.0,10.4
2026-07-08 19:00:00,28.8,76,99,0,2,99,43.0,2.0,41.0,0.0,10.3
2026-07-08 20:00:00,28.1,84,87,2,13,84,1.0,0.0,1.0,0.0,9.6
2026-07-08 21:00:00,27.4,83,92,13,21,88,0.0,0.0,0.0,0.0,9.2
2026-07-08 22:00:00,26.6,86,99,29,30,98,0.0,0.0,0.0,0.2,7.6
2026-07-08 23:00:00,26.3,91,98,5,14,98,0.0,0.0,0.0,0.2,8.1
2026-07-09 00:00:00,26.4,93,55,10,28,30,0.0,0.0,0.0,0.0,8.2
2026-07-09 01:00:00,26.3,94,43,8,19,24,0.0,0.0,0.0,0.0,8.2
2026-07-09 02:00:00,26.3,95,92,13,16,90,0.0,0.0,0.0,0.0,7.6
2026-07-09 03:00:00,26.2,95,92,11,16,91,0.0,0.0,0.0,0.0,7.5
2026-07-09 04:00:00,26.1,95,34,2,9,26,0.0,0.0,0.0,0.0,7.7
2026-07-09 05:00:00,25.9,95,17,8,11,0,0.0,0.0,0.0,0.0,6.8
2026-07-09 06:00:00,25.8,95,12,3,8,1,0.0,0.0,0.0,0.0,6.5
2026-07-09 07:00:00,26.6,92,11,5,5,2,74.0,35.0,39.0,0.0,6.9
2026-07-09 08:00:00,28.5,84,14,8,9,0,251.0,158.0,93.0,0.0,8.6
2026-07-09 09:00:00,29.9,78,45,10,16,34,456.0,328.0,128.0,0.0,8.5
2026-07-09 10:00:00,30.6,72,100,100,33,48,571.0,366.0,205.0,0.1,10.8
2026-07-09 11:00:00,30.9,71,100,100,100,72,520.0,186.0,334.0,0.4,10.7
2026-07-09 12:00:00,28.5,85,97,0,3,97,388.0,83.0,305.0,3.0,8.3
2026-07-09 13:00:00,28.4,84,99,23,45,99,450.0,86.0,364.0,3.5,11.4
2026-07-09 14:00:00,29.0,80,99,22,45,98,380.0,33.0,347.0,0.4,8.2
2026-07-09 15:00:00,29.3,75,98,25,61,94,492.0,160.0,332.0,0.3,7.6
2026-07-09 16:00:00,29.5,76,98,9,40,98,510.0,268.0,242.0,0.8,5.7
2026-07-09 17:00:00,26.8,92,100,13,74,100,226.0,36.0,190.0,12.1,5.6
2026-07-09 18:00:00,26.8,93,96,0,2,96,43.0,2.0,41.0,2.2,3.9
2026-07-09 19:00:00,26.7,96,97,0,1,97,40.0,5.0,35.0,0.4,4.9
2026-07-09 20:00:00,27.4,91,98,0,13,97,1.0,0.0,1.0,0.1,4.3
2026-07-09 21:00:00,26.9,93,97,1,2,97,0.0,0.0,0.0,0.0,4.6
2026-07-09 22:00:00,26.7,93,97,4,6,96,0.0,0.0,0.0,0.0,5.1
2026-07-09 23:00:00,26.5,95,98,9,5,98,0.0,0.0,0.0,0.0,5.4
2026-07-10 00:00:00,26.4,95,100,9,7,100,0.0,0.0,0.0,0.0,5.3
2026-07-10 01:00:00,26.5,93,100,2,3,100,0.0,0.0,0.0,0.0,5.3
2026-07-10 02:00:00,26.9,92,100,2,2,100,0.0,0.0,0.0,0.0,2.6
2026-07-10 03:00:00,26.3,94,98,5,1,98,0.0,0.0,0.0,0.0,1.9
2026-07-10 04:00:00,26.2,95,99,1,3,99,0.0,0.0,0.0,0.0,1.3
2026-07-10 05:00:00,26.1,95,100,2,6,100,0.0,0.0,0.0,0.0,1.5
2026-07-10 06:00:00,26.1,95,100,3,5,100,0.0,0.0,0.0,0.2,2.7
2026-07-10 07:00:00,26.6,93,98,3,5,98,38.0,0.0,38.0,0.4,4.6
2026-07-10 08:00:00,28.9,82,38,11,14,26,112.0,6.0,106.0,0.2,6.1
2026-07-10 09:00:00,29.6,78,56,0,10,52,397.0,259.0,138.0,0.0,7.4
2026-07-10 10:00:00,30.2,77,80,6,17,76,506.0,262.0,244.0,0.1,5.9
2026-07-10 11:00:00,30.9,73,77,5,2,75,655.0,379.0,276.0,0.2,6.6
2026-07-10 12:00:00,31.9,66,95,9,16,93,800.0,503.0,297.0,0.1,4.4
2026-07-10 13:00:00,32.5,62,80,6,10,77,819.0,510.0,309.0,0.0,4.5
2026-07-10 14:00:00,33.1,58,69,5,9,64,785.0,468.0,317.0,0.0,3.0
2026-07-10 15:00:00,33.3,58,62,0,3,60,789.0,573.0,216.0,0.0,4.7
2026-07-10 16:00:00,33.2,58,16,8,4,6,588.0,396.0,192.0,0.0,6.5
2026-07-10 17:00:00,33.0,58,13,11,4,2,487.0,377.0,110.0,0.1,9.6
2026-07-10 18:00:00,31.7,66,11,0,2,9,291.0,207.0,84.0,0.0,11.5
2026-07-10 19:00:00,30.1,77,2,0,2,0,92.0,51.0,41.0,0.0,6.0
2026-07-10 20:00:00,29.6,83,11,0,7,4,2.0,0.0,2.0,0.0,5.6
2026-07-10 21:00:00,28.9,84,5,0,5,0,0.0,0.0,0.0,0.0,9.1
2026-07-10 22:00:00,28.7,85,3,0,3,0,0.0,0.0,0.0,0.0,10.7
2026-07-10 23:00:00,28.1,86,1,0,1,0,0.0,0.0,0.0,0.0,9.5
2026-07-11 00:00:00,27.7,88,1,0,1,0,0.0,0.0,0.0,0.0,8.5
2026-07-11 01:00:00,27.4,89,2,0,1,2,0.0,0.0,0.0,0.0,6.5
2026-07-11 02:00:00,27.3,91,9,0,0,9,0.0,0.0,0.0,0.0,4.5
2026-07-11 03:00:00,26.6,95,9,0,0,8,0.0,0.0,0.0,0.0,5.0
2026-07-11 04:00:00,26.3,97,0,0,0,0,0.0,0.0,0.0,0.0,4.9
2026-07-11 05:00:00,25.9,98,7,0,2,5,0.0,0.0,0.0,0.0,3.5
2026-07-11 06:00:00,25.7,99,16,0,11,13,0.0,0.0,0.0,0.0,3.2
2026-07-11 07:00:00,26.9,95,2,0,2,0,77.0,41.0,36.0,0.0,2.8
2026-07-11 08:00:00,28.9,84,0,0,0,0,269.0,190.0,79.0,0.0,4.2
2026-07-11 09:00:00,30.4,75,0,0,0,0,482.0,381.0,101.0,0.0,5.7
2026-07-11 10:00:00,31.5,69,0,0,0,0,676.0,562.0,114.0,0.0,4.5
2026-07-11 11:00:00,32.5,65,0,0,0,0,832.0,709.0,123.0,0.0,3.2
2026-07-11 12:00:00,33.3,62,0,0,0,0,936.0,810.0,126.0,0.0,3.0
2026-07-11 13:00:00,33.9,60,1,0,1,0,976.0,852.0,124.0,0.0,3.0
2026-07-11 14:00:00,34.6,56,5,1,5,0,930.0,804.0,126.0,0.0,3.4
2026-07-11 15:00:00,34.7,56,5,2,5,0,816.0,688.0,128.0,0.0,2.6
2026-07-11 16:00:00,34.7,55,3,0,3,0,683.0,569.0,114.0,0.0,3.0
2026-07-11 17:00:00,34.4,55,9,0,2,8,503.0,407.0,96.0,0.0,5.1
2026-07-11 18:00:00,33.9,57,16,0,3,14,290.0,211.0,79.0,0.0,3.7
2026-07-11 19:00:00,32.6,69,9,0,3,5,97.0,57.0,40.0,0.0,3.2
2026-07-11 20:00:00,31.6,72,1,0,1,0,2.0,0.0,2.0,0.0,7.4
2026-07-11 21:00:00,30.8,70,0,0,0,0,0.0,0.0,0.0,0.0,7.4
2026-07-11 22:00:00,30.3,72,0,0,0,0,0.0,0.0,0.0,0.0,8.3
2026-07-11 23:00:00,29.3,81,1,0,1,0,0.0,0.0,0.0,0.0,12.3
2026-07-12 00:00:00,28.7,85,1,0,1,0,0.0,0.0,0.0,0.0,11.7
2026-07-12 01:00:00,28.4,85,21,0,1,20,0.0,0.0,0.0,0.0,10.9
2026-07-12 02:00:00,28.5,85,45,1,0,45,0.0,0.0,0.0,0.0,10.9
2026-07-12 03:00:00,28.2,87,39,3,4,37,0.0,0.0,0.0,0.0,10.0
2026-07-12 04:00:00,28.0,87,25,3,5,21,0.0,0.0,0.0,0.0,9.5
2026-07-12 05:00:00,27.9,87,6,0,0,6,0.0,0.0,0.0,0.0,10.1
2026-07-12 06:00:00,27.8,87,2,0,0,2,0.0,0.0,0.0,0.0,9.9
2026-07-12 07:00:00,28.6,85,5,0,0,5,77.0,42.0,35.0,0.0,9.4
2026-07-12 08:00:00,30.4,80,17,0,0,17,269.0,192.0,77.0,0.0,8.5
2026-07-12 09:00:00,31.9,75,2,0,0,2,478.0,378.0,100.0,0.0,9.0
2026-07-12 10:00:00,33.3,68,5,2,0,5,670.0,556.0,114.0,0.0,7.7
2026-07-12 11:00:00,34.5,62,73,0,11,70,820.0,695.0,125.0,0.0,4.8
2026-07-12 12:00:00,35.0,59,97,8,4,97,846.0,645.0,201.0,0.1,3.5
2026-07-12 13:00:00,35.6,57,70,2,3,70,945.0,786.0,159.0,0.0,3.9
2026-07-12 14:00:00,36.6,48,93,1,13,92,903.0,763.0,140.0,0.0,2.4
2026-07-12 15:00:00,36.5,50,84,0,2,84,766.0,578.0,188.0,0.1,3.4
2026-07-12 16:00:00,36.5,50,91,2,6,91,661.0,518.0,143.0,0.0,2.5
2026-07-12 17:00:00,36.3,50,89,3,5,88,472.0,356.0,116.0,0.0,4.3
2026-07-12 18:00:00,35.1,58,84,1,5,83,280.0,196.0,84.0,0.0,6.6
2026-07-12 19:00:00,32.9,70,63,0,5,61,90.0,50.0,40.0,0.0,6.5
2026-07-12 20:00:00,32.3,71,44,2,7,38,2.0,0.0,2.0,0.0,10.0
2026-07-12 21:00:00,31.1,78,37,0,7,33,0.0,0.0,0.0,0.0,12.5
2026-07-12 22:00:00,30.5,79,73,0,9,73,0.0,0.0,0.0,0.0,12.9
2026-07-12 23:00:00,30.0,82,85,0,5,84,0.0,0.0,0.0,0.0,11.5
2026-07-13 00:00:00,29.4,84,35,2,2,34,0.0,0.0,0.0,0.0,9.5
2026-07-13 01:00:00,28.9,85,84,0,3,83,0.0,0.0,0.0,0.0,10.2
2026-07-13 02:00:00,29.1,85,99,1,1,99,0.0,0.0,0.0,0.0,9.7
2026-07-13 03:00:00,28.5,89,99,1,2,99,0.0,0.0,0.0,0.0,7.3
2026-07-13 04:00:00,28.2,92,99,0,2,99,0.0,0.0,0.0,0.0,7.5
2026-07-13 05:00:00,28.0,93,99,0,1,99,0.0,0.0,0.0,0.0,7.4
2026-07-13 06:00:00,27.7,95,100,1,1,100,0.0,0.0,0.0,0.0,5.8
2026-07-13 07:00:00,28.6,91,100,1,2,100,67.0,21.0,46.0,0.0,6.5
2026-07-13 08:00:00,30.3,83,98,0,0,98,217.0,88.0,129.0,0.0,5.6
2026-07-13 09:00:00,31.4,75,100,1,0,100,437.0,272.0,165.0,0.0,4.7
2026-07-13 10:00:00,32.4,65,100,2,1,100,556.0,293.0,263.0,0.0,4.4
2026-07-13 11:00:00,33.2,61,97,1,1,97,706.0,399.0,307.0,0.0,3.6
2026-07-13 12:00:00,33.9,59,83,0,0,83,804.0,450.0,354.0,0.0,3.3
2026-07-13 13:00:00,34.5,58,88,0,0,88,898.0,630.0,268.0,0.0,4.2
2026-07-13 14:00:00,35.1,53,42,2,3,41,873.0,642.0,231.0,0.0,5.4
2026-07-13 15:00:00,35.1,53,44,12,24,23,779.0,600.0,179.0,0.1,7.5
2026-07-13 16:00:00,34.3,55,88,26,43,76,601.0,440.0,161.0,0.9,10.4
2026-07-13 17:00:00,33.8,58,97,4,27,96,415.0,260.0,155.0,0.3,11.7
2026-07-13 18:00:00,32.8,63,97,1,24,97,211.0,87.0,124.0,0.0,7.9
2026-07-13 19:00:00,31.3,69,99,0,9,99,53.0,11.0,42.0,0.0,7.4
2026-07-13 20:00:00,31.4,73,98,12,11,98,2.0,0.0,2.0,0.0,6.7
2026-07-13 21:00:00,29.3,83,99,30,66,98,0.0,0.0,0.0,0.1,8.7
2026-07-13 22:00:00,28.1,91,99,0,16,99,0.0,0.0,0.0,0.8,11.0
2026-07-13 23:00:00,28.0,94,71,5,14,66,0.0,0.0,0.0,0.4,11.2
2026-07-14 00:00:00,27.7,95,74,1,8,72,0.0,0.0,0.0,0.2,8.5
2026-07-14 01:00:00,27.4,95,97,11,4,97,0.0,0.0,0.0,0.1,5.6
2026-07-14 02:00:00,27.7,92,98,27,33,95,0.0,0.0,0.0,0.1,4.6
2026-07-14 03:00:00,26.9,95,91,0,2,91,0.0,0.0,0.0,1.4,5.1
2026-07-14 04:00:00,26.8,96,95,5,27,92,0.0,0.0,0.0,0.0,2.7
2026-07-14 05:00:00,26.0,96,100,94,92,74,0.0,0.0,0.0,2.5,10.8
2026-07-14 06:00:00,25.7,97,98,9,58,95,0.0,0.0,0.0,4.4,4.5
2026-07-14 07:00:00,26.4,94,100,45,98,97,35.0,6.0,29.0,1.5,2.0
2026-07-14 08:00:00,27.6,88,100,39,97,91,118.0,11.0,107.0,0.9,5.3
2026-07-14 09:00:00,28.0,88,88,13,71,50,189.0,16.0,173.0,0.6,4.1
2026-07-14 10:00:00,28.7,85,98,5,98,12,298.0,64.0,234.0,0.3,4.7
2026-07-14 11:00:00,29.6,82,68,2,22,61,383.0,82.0,301.0,0.2,5.8
2026-07-14 12:00:00,28.0,88,100,17,97,99,493.0,181.0,312.0,4.8,7.6
2026-07-14 13:00:00,28.1,87,99,1,16,99,356.0,106.0,250.0,2.6,3.7
2026-07-14 14:00:00,30.9,71,98,16,74,93,605.0,267.0,338.0,0.4,7.0
2026-07-14 15:00:00,29.0,82,99,19,62,99,527.0,170.0,357.0,1.6,13.5
2026-07-14 16:00:00,28.1,88,100,36,40,99,295.0,68.0,227.0,2.1,8.2
2026-07-14 17:00:00,28.5,82,100,33,27,99,164.0,3.0,161.0,0.1,7.3
2026-07-14 18:00:00,27.4,86,100,57,78,99,118.0,12.0,106.0,0.4,7.1
2026-07-14 19:00:00,26.0,95,100,17,56,100,24.0,0.0,24.0,2.3,5.4
2026-07-14 20:00:00,27.4,87,100,13,13,100,1.0,0.0,1.0,0.9,9.8
2026-07-14 21:00:00,26.1,95,100,80,98,97,0.0,0.0,0.0,0.3,13.8
2026-07-14 22:00:00,26.0,94,100,100,98,97,0.0,0.0,0.0,0.8,19.8
2026-07-14 23:00:00,25.9,94,100,91,98,98,0.0,0.0,0.0,0.9,17.6
2026-07-15 00:00:00,25.9,91,100,100,44,96,0.0,0.0,0.0,0.1,15.2
2026-07-15 01:00:00,26.0,90,34,20,17,10,0.0,0.0,0.0,0.0,12.9
2026-07-15 02:00:00,25.9,92,100,19,100,16,0.0,0.0,0.0,0.4,15.8
2026-07-15 03:00:00,25.7,93,100,18,100,12,0.0,0.0,0.0,1.2,18.3
2026-07-15 04:00:00,25.3,95,100,0,100,5,0.0,0.0,0.0,1.9,16.1
2026-07-15 05:00:00,25.4,95,100,34,100,5,0.0,0.0,0.0,4.0,15.9
2026-07-15 06:00:00,25.3,96,100,8,100,13,0.0,0.0,0.0,1.6,14.0
2026-07-15 07:00:00,25.5,97,92,19,91,12,17.0,0.0,17.0,0.4,11.5
2026-07-15 08:00:00,26.1,93,100,14,100,20,142.0,33.0,109.0,0.1,9.9
2026-07-15 09:00:00,26.9,88,100,72,100,15,204.0,24.0,180.0,0.1,10.5
2026-07-15 10:00:00,27.5,87,93,27,89,27,230.0,25.0,205.0,0.1,10.2
2026-07-15 11:00:00,28.7,82,100,31,100,23,484.0,165.0,319.0,0.1,12.6
2026-07-15 12:00:00,27.4,88,100,14,100,73,298.0,22.0,276.0,1.0,12.1
2026-07-15 13:00:00,26.9,90,100,43,100,91,336.0,26.0,310.0,3.7,17.7
2026-07-15 14:00:00,28.6,87,100,25,100,100,212.0,3.0,209.0,7.3,12.4
2026-07-15 15:00:00,27.8,88,95,4,73,91,270.0,63.0,207.0,1.2,11.8
2026-07-15 16:00:00,28.2,81,95,13,45,91,324.0,71.0,253.0,1.3,15.5
2026-07-15 17:00:00,27.3,85,84,3,45,73,302.0,88.0,214.0,0.7,17.8
2026-07-15 18:00:00,27.0,88,98,2,61,96,159.0,53.0,106.0,0.3,10.8
2026-07-15 19:00:00,26.5,91,97,5,49,95,61.0,17.0,44.0,0.2,9.7
2026-07-15 20:00:00,26.5,95,100,23,100,73,1.0,0.0,1.0,0.2,11.8
2026-07-15 21:00:00,26.3,95,100,2,39,99,0.0,0.0,0.0,0.3,13.5
2026-07-15 22:00:00,26.2,95,99,3,37,98,0.0,0.0,0.0,0.2,12.5
2026-07-15 23:00:00,26.0,96,91,7,89,23,0.0,0.0,0.0,0.4,12.7
2026-07-16 00:00:00,25.9,96,100,12,100,16,0.0,0.0,0.0,0.1,10.1
2026-07-16 01:00:00,25.9,96,70,16,65,7,0.0,0.0,0.0,0.0,10.1
2026-07-16 02:00:00,26.0,95,100,27,100,45,0.0,0.0,0.0,0.0,11.3
2026-07-16 03:00:00,25.7,98,100,5,98,75,0.0,0.0,0.0,0.2,9.1
2026-07-16 04:00:00,25.7,98,100,6,100,60,0.0,0.0,0.0,0.1,7.2
2026-07-16 05:00:00,25.6,98,100,9,100,53,0.0,0.0,0.0,0.2,7.9
2026-07-16 06:00:00,25.6,98,85,5,75,39,0.0,0.0,0.0,0.1,8.0
2026-07-16 07:00:00,26.2,97,70,2,58,33,55.0,20.0,35.0,0.0,8.3
2026-07-16 08:00:00,27.1,89,98,22,95,51,206.0,94.0,112.0,0.0,7.5
2026-07-16 09:00:00,27.4,86,75,5,64,30,365.0,187.0,178.0,0.8,10.9
2026-07-16 10:00:00,28.4,82,95,13,83,70,397.0,149.0,248.0,0.5,11.8
2026-07-16 11:00:00,29.7,77,100,7,100,100,546.0,184.0,362.0,0.0,11.2
2026-07-16 12:00:00,28.9,80,100,9,100,100,301.0,11.0,290.0,0.2,12.2
2026-07-16 13:00:00,27.9,87,100,9,34,100,185.0,1.0,184.0,0.9,11.2
2026-07-16 14:00:00,26.9,94,100,2,42,100,157.0,0.0,157.0,3.4,9.1
2026-07-16 15:00:00,26.9,94,100,1,0,100,170.0,11.0,159.0,2.9,10.4
2026-07-16 16:00:00,27.3,91,100,5,9,100,255.0,58.0,197.0,0.8,10.5
2026-07-16 17:00:00,28.0,86,98,17,4,98,244.0,49.0,195.0,0.0,9.2
2026-07-16 18:00:00,28.3,83,94,28,7,91,202.0,57.0,145.0,0.0,10.7
2026-07-16 19:00:00,27.7,87,61,10,13,52,71.0,17.0,54.0,0.0,9.1
2026-07-16 20:00:00,27.5,87,91,6,18,88,2.0,0.0,2.0,0.0,7.5
2026-07-16 21:00:00,27.1,90,97,24,15,95,0.0,0.0,0.0,0.0,7.7
2026-07-16 22:00:00,27.1,90,13,5,2,8,0.0,0.0,0.0,0.0,10.6
2026-07-16 23:00:00,26.7,92,88,2,2,88,0.0,0.0,0.0,0.0,11.0
2026-07-17 00:00:00,26.3,93,55,9,2,50,0.0,0.0,0.0,0.0,9.4
2026-07-17 01:00:00,25.8,95,80,58,32,34,0.0,0.0,0.0,0.1,8.1
2026-07-17 02:00:00,26.0,93,98,87,46,66,0.0,0.0,0.0,1.0,6.9
2026-07-17 03:00:00,24.8,99,98,86,56,79,0.0,0.0,0.0,2.0,10.9
2026-07-17 04:00:00,24.4,98,98,59,58,90,0.0,0.0,0.0,3.3,4.5
2026-07-17 05:00:00,24.6,99,96,2,9,96,0.0,0.0,0.0,2.1,5.2
2026-07-17 06:00:00,24.7,99,100,33,91,98,0.0,0.0,0.0,1.0,8.9
2026-07-17 07:00:00,25.2,98,100,20,100,91,33.0,5.0,28.0,4.0,5.9
2026-07-17 08:00:00,28.2,91,100,7,100,84,58.0,0.0,58.0,0.8,4.2
2026-07-17 09:00:00,28.4,88,100,11,98,99,148.0,19.0,129.0,0.0,6.8
2026-07-17 10:00:00,29.4,83,98,5,2,98,296.0,74.0,222.0,0.1,6.9
2026-07-17 11:00:00,30.8,78,94,4,3,93,522.0,221.0,301.0,0.1,6.9
2026-07-17 12:00:00,32.4,70,79,19,5,73,821.0,553.0,268.0,0.1,8.3
2026-07-17 13:00:00,28.2,86,95,2,53,91,783.0,455.0,328.0,3.1,15.8
2026-07-17 14:00:00,28.5,85,98,2,52,96,625.0,278.0,347.0,0.7,8.2
2026-07-17 15:00:00,29.7,82,98,9,20,98,486.0,204.0,282.0,0.5,9.8
2026-07-17 16:00:00,29.3,84,97,9,7,96,285.0,40.0,245.0,0.3,10.8
2026-07-17 17:00:00,29.5,80,94,5,13,92,362.0,148.0,214.0,0.2,13.0
2026-07-17 18:00:00,29.2,77,88,6,22,84,176.0,67.0,109.0,0.1,11.3
2026-07-17 19:00:00,28.0,90,100,5,22,100,69.0,24.0,45.0,1.1,11.5
2026-07-17 20:00:00,28.3,88,98,0,39,98,1.0,0.0,1.0,0.0,10.1
2026-07-17 21:00:00,27.6,90,98,0,17,98,0.0,0.0,0.0,0.5,10.3
2026-07-17 22:00:00,27.5,90,98,2,0,98,0.0,0.0,0.0,0.0,11.2
2026-07-17 23:00:00,27.3,91,98,2,4,98,0.0,0.0,0.0,0.0,9.1
2026-07-18 00:00:00,27.2,92,98,7,3,98,0.0,0.0,0.0,0.0,9.1
2026-07-18 01:00:00,27.1,93,29,4,9,20,0.0,0.0,0.0,0.0,9.2
2026-07-18 02:00:00,26.6,92,66,18,22,47,0.0,0.0,0.0,0.0,9.7
2026-07-18 03:00:00,25.5,96,71,38,24,41,0.0,0.0,0.0,5.4,2.8
2026-07-18 04:00:00,26.0,96,43,10,2,34,0.0,0.0,0.0,0.4,7.4
2026-07-18 05:00:00,26.0,96,91,17,13,89,0.0,0.0,0.0,0.0,5.1
2026-07-18 06:00:00,25.9,97,93,13,4,91,0.0,0.0,0.0,0.0,3.4
2026-07-18 07:00:00,26.6,96,96,31,5,95,59.0,21.0,38.0,0.0,4.6
2026-07-18 08:00:00,27.7,92,65,11,0,61,147.0,40.0,107.0,0.2,4.3
2026-07-18 09:00:00,29.6,82,92,8,1,91,424.0,275.0,149.0,0.0,9.1
2026-07-18 10:00:00,29.7,82,100,92,37,95,452.0,228.0,224.0,0.1,10.0
2026-07-18 11:00:00,30.4,79,99,92,15,90,568.0,265.0,303.0,0.2,9.0
2026-07-18 12:00:00,31.3,74,100,100,12,94,595.0,172.0,423.0,0.1,8.4
2026-07-18 13:00:00,31.5,72,72,11,5,66,536.0,225.0,311.0,0.1,9.4
2026-07-18 14:00:00,29.1,82,100,94,34,97,707.0,383.0,324.0,0.7,16.5
2026-07-18 15:00:00,27.8,90,99,5,6,99,317.0,61.0,256.0,4.1,4.1
2026-07-18 16:00:00,28.7,85,93,1,2,93,311.0,67.0,244.0,1.0,3.9
2026-07-18 17:00:00,29.7,80,91,12,7,89,357.0,150.0,207.0,0.2,6.1
2026-07-18 18:00:00,27.8,89,98,23,47,96,222.0,98.0,124.0,2.1,9.2
2026-07-18 19:00:00,27.6,92,98,2,16,98,45.0,7.0,38.0,0.3,5.0
2026-07-18 20:00:00,26.8,92,100,0,2,100,1.0,0.0,1.0,0.1,2.7
2026-07-18 21:00:00,26.9,94,100,0,15,100,0.0,0.0,0.0,0.1,2.5
2026-07-18 22:00:00,27.1,95,98,0,3,98,0.0,0.0,0.0,0.0,5.7
2026-07-18 23:00:00,27.0,96,95,0,38,94,0.0,0.0,0.0,0.0,6.2
2026-07-19 00:00:00,27.0,95,100,0,30,100,0.0,0.0,0.0,0.0,5.8
2026-07-19 01:00:00,26.9,95,95,2,13,94,0.0,0.0,0.0,0.0,5.0
2026-07-19 02:00:00,27.2,91,100,10,100,100,0.0,0.0,0.0,0.0,7.0
2026-07-19 03:00:00,27.0,92,100,0,100,99,0.0,0.0,0.0,0.0,4.7
2026-07-19 04:00:00,26.9,94,100,1,99,99,0.0,0.0,0.0,0.0,4.2
2026-07-19 05:00:00,26.8,95,100,2,100,98,0.0,0.0,0.0,0.0,5.5
2026-07-19 06:00:00,26.8,94,100,1,100,100,0.0,0.0,0.0,0.0,5.9
2026-07-19 07:00:00,27.2,93,100,7,99,97,20.0,0.0,20.0,0.0,3.4
2026-07-19 08:00:00,26.8,96,98,9,16,97,126.0,36.0,90.0,0.0,4.2
2026-07-19 09:00:00,27.9,91,99,13,80,98,248.0,73.0,175.0,0.2,1.0
2026-07-19 10:00:00,29.8,82,90,5,4,88,520.0,255.0,265.0,0.1,4.9
2026-07-19 11:00:00,31.3,70,98,9,12,98,741.0,521.0,220.0,0.1,8.0
2026-07-19 12:00:00,31.9,66,97,6,23,96,760.0,480.0,280.0,0.0,6.5
2026-07-19 13:00:00,32.5,63,66,14,29,52,846.0,587.0,259.0,0.2,7.1
2026-07-19 14:00:00,30.9,72,91,6,5,90,863.0,645.0,218.0,0.1,7.9
2026-07-19 15:00:00,32.7,62,89,15,22,84,719.0,464.0,255.0,0.1,6.2
2026-07-19 16:00:00,30.1,74,85,21,34,74,630.0,424.0,206.0,1.9,10.2
2026-07-19 17:00:00,29.7,77,98,20,10,98,448.0,276.0,172.0,0.6,5.7
2026-07-19 18:00:00,28.3,88,96,8,0,96,99.0,7.0,92.0,1.9,5.5
2026-07-19 19:00:00,28.0,88,99,20,40,98,64.0,15.0,49.0,0.1,10.1
2026-07-19 20:00:00,27.8,92,99,2,9,99,1.0,0.0,1.0,0.2,5.0
2026-07-19 21:00:00,27.7,93,98,0,3,98,0.0,0.0,0.0,0.0,6.3
2026-07-19 22:00:00,27.7,93,98,1,14,98,0.0,0.0,0.0,0.0,7.0
2026-07-19 23:00:00,27.5,93,99,0,17,99,0.0,0.0,0.0,0.0,6.1
2026-07-20 00:00:00,27.3,94,100,0,32,100,0.0,0.0,0.0,0.0,4.5
2026-07-20 01:00:00,27.1,95,100,0,50,100,0.0,0.0,0.0,0.1,5.2
2026-07-20 02:00:00,27.0,93,100,24,84,100,0.0,0.0,0.0,0.2,5.1
2026-07-20 03:00:00,25.5,99,99,4,75,96,0.0,0.0,0.0,6.6,4.9
2026-07-20 04:00:00,25.8,97,97,1,36,95,0.0,0.0,0.0,0.4,3.2
2026-07-20 05:00:00,25.8,98,95,1,26,94,0.0,0.0,0.0,0.1,3.9
2026-07-20 06:00:00,25.7,98,100,1,98,97,0.0,0.0,0.0,0.0,3.1
2026-07-20 07:00:00,26.2,97,100,16,55,100,41.0,2.0,39.0,0.0,3.7
2026-07-20 08:00:00,28.2,92,94,7,14,93,193.0,60.0,133.0,0.0,7.9
2026-07-20 09:00:00,29.4,84,98,8,24,96,277.0,65.0,212.0,0.1,9.2
2026-07-20 10:00:00,30.7,75,91,4,9,91,486.0,182.0,304.0,0.1,12.4
2026-07-20 11:00:00,31.3,74,95,13,32,91,594.0,295.0,299.0,0.2,9.3
2026-07-20 12:00:00,29.1,80,100,100,16,68,620.0,274.0,346.0,1.7,16.9
2026-07-20 13:00:00,28.8,83,99,0,0,99,668.0,338.0,330.0,4.8,5.1
2026-07-20 14:00:00,31.1,69,99,12,28,99,218.0,40.0,178.0,0.6,12.1
2026-07-20 15:00:00,30.5,72,98,7,8,97,495.0,147.0,348.0,0.8,11.7
2026-07-20 16:00:00,29.8,74,100,13,4,100,352.0,90.0,262.0,0.2,14.1
2026-07-20 17:00:00,28.9,81,100,5,17,100,196.0,18.0,178.0,0.2,12.2
2026-07-20 18:00:00,28.6,83,99,0,2,99,103.0,9.0,94.0,0.1,8.1
2026-07-20 19:00:00,28.2,87,100,1,1,100,35.0,0.0,35.0,0.0,4.1
2026-07-20 20:00:00,27.7,94,98,0,3,97,0.0,0.0,0.0,0.0,5.0
2026-07-20 21:00:00,27.6,93,91,1,6,91,0.0,0.0,0.0,0.0,7.4
2026-07-20 22:00:00,27.5,90,94,1,16,92,0.0,0.0,0.0,0.0,9.9
2026-07-20 23:00:00,27.2,91,45,3,11,36,0.0,0.0,0.0,0.0,9.6
2026-07-21 00:00:00,27.0,92,38,2,9,32,0.0,0.0,0.0,0.0,9.3
2026-07-21 01:00:00,26.9,92,48,11,21,29,0.0,0.0,0.0,0.0,8.2
2026-07-21 02:00:00,25.3,97,84,9,25,77,0.0,0.0,0.0,0.0,6.0
2026-07-21 03:00:00,25.4,96,62,8,9,55,0.0,0.0,0.0,0.9,4.9
2026-07-21 04:00:00,24.1,99,98,49,61,90,0.0,0.0,0.0,5.0,7.5
2026-07-21 05:00:00,24.2,99,92,41,24,82,0.0,0.0,0.0,0.7,6.4
2026-07-21 06:00:00,23.9,99,100,100,23,48,0.0,0.0,0.0,1.8,2.3
2026-07-21 07:00:00,24.3,97,96,55,49,84,32.0,3.0,29.0,2.9,5.4
2026-07-21 08:00:00,27.4,90,84,4,63,60,155.0,47.0,108.0,0.5,8.9
2026-07-21 09:00:00,28.3,86,100,22,100,100,334.0,155.0,179.0,1.2,12.9
2026-07-21 10:00:00,26.0,96,100,7,95,100,90.0,0.0,90.0,7.8,9.7
2026-07-21 11:00:00,26.7,95,100,0,14,100,113.0,0.0,113.0,3.3,6.6
2026-07-21 12:00:00,28.3,89,98,9,82,91,405.0,86.0,319.0,1.6,11.5
2026-07-21 13:00:00,30.0,81,68,1,2,68,572.0,267.0,305.0,0.6,13.0
2026-07-21 14:00:00,27.1,91,100,5,27,100,731.0,381.0,350.0,2.3,12.0
2026-07-21 15:00:00,26.8,93,100,9,2,100,129.0,0.0,129.0,1.9,9.3
2026-07-21 16:00:00,27.4,90,99,25,5,99,242.0,16.0,226.0,0.8,11.4
2026-07-21 17:00:00,28.1,88,98,18,12,97,298.0,71.0,227.0,0.2,9.9
2026-07-21 18:00:00,28.0,87,95,9,0,94,172.0,33.0,139.0,0.1,8.7
2026-07-21 19:00:00,27.6,88,99,7,9,99,61.0,11.0,50.0,0.0,6.9
2026-07-21 20:00:00,27.4,92,89,5,2,88,1.0,0.0,1.0,0.0,6.5
2026-07-21 21:00:00,27.0,93,99,8,20,98,0.0,0.0,0.0,0.0,6.4
2026-07-21 22:00:00,27.0,93,85,2,22,81,0.0,0.0,0.0,0.0,7.5
2026-07-21 23:00:00,26.8,93,45,11,18,27,0.0,0.0,0.0,0.0,8.4
2026-07-22 00:00:00,26.7,93,42,9,14,26,0.0,0.0,0.0,0.0,9.2
2026-07-22 01:00:00,26.6,93,23,2,12,12,0.0,0.0,0.0,0.0,8.9
2026-07-22 02:00:00,26.3,94,26,2,20,5,0.0,0.0,0.0,0.0,8.1
2026-07-22 03:00:00,26.4,96,11,0,9,2,0.0,0.0,0.0,0.0,8.7
2026-07-22 04:00:00,26.4,94,11,0,11,0,0.0,0.0,0.0,0.0,9.5
2026-07-22 05:00:00,26.2,95,4,0,3,0,0.0,0.0,0.0,0.0,10.3
2026-07-22 06:00:00,26.0,94,9,0,9,0,0.0,0.0,0.0,0.0,10.2
2026-07-22 07:00:00,26.9,91,5,0,5,0,66.0,34.0,32.0,0.0,10.2
2026-07-22 08:00:00,28.8,82,23,10,16,0,242.0,158.0,84.0,0.0,14.3
2026-07-22 09:00:00,30.1,74,15,9,9,0,440.0,311.0,129.0,0.2,14.6
2026-07-22 10:00:00,31.0,65,45,28,30,0,597.0,445.0,152.0,0.2,16.9
2026-07-22 11:00:00,31.3,65,4,2,3,0,732.0,558.0,174.0,0.1,14.8
2026-07-22 12:00:00,32.6,61,13,7,9,0,907.0,763.0,144.0,0.0,17.7
2026-07-22 13:00:00,33.1,56,23,7,17,2,898.0,709.0,189.0,0.0,17.8
2026-07-22 14:00:00,32.7,52,24,16,16,4,832.0,651.0,181.0,0.1,16.4
2026-07-22 15:00:00,33.2,52,46,29,30,12,786.0,612.0,174.0,0.0,17.8
2026-07-22 16:00:00,31.6,61,37,4,3,33,588.0,382.0,206.0,0.5,15.4
2026-07-22 17:00:00,31.4,62,41,5,11,32,358.0,178.0,180.0,0.0,9.7
2026-07-22 18:00:00,30.8,67,77,0,5,77,251.0,137.0,114.0,0.0,8.0
2026-07-22 19:00:00,29.3,75,97,9,10,97,77.0,25.0,52.0,0.0,8.9
2026-07-22 20:00:00,28.7,83,59,0,2,59,1.0,0.0,1.0,0.0,7.4
2026-07-22 21:00:00,28.0,86,75,0,2,75,0.0,0.0,0.0,0.0,7.4
2026-07-22 22:00:00,27.4,89,49,2,4,47,0.0,0.0,0.0,0.0,6.7
2026-07-22 23:00:00,27.1,90,80,2,8,79,0.0,0.0,0.0,0.0,6.0
2026-07-23 00:00:00,26.9,92,78,2,5,77,0.0,0.0,0.0,0.0,6.4
2026-07-23 01:00:00,26.7,93,66,0,0,66,0.0,0.0,0.0,0.0,6.8
2026-07-23 02:00:00,26.8,93,45,2,2,43,0.0,0.0,0.0,0.0,5.9
2026-07-23 03:00:00,26.3,94,8,3,2,2,0.0,0.0,0.0,0.0,3.8
2026-07-23 04:00:00,26.1,95,16,5,2,9,0.0,0.0,0.0,0.0,3.2
2026-07-23 05:00:00,26.0,96,77,3,3,76,0.0,0.0,0.0,0.0,3.8
2026-07-23 06:00:00,26.0,96,4,1,2,2,0.0,0.0,0.0,0.0,4.8
2026-07-23 07:00:00,26.9,93,10,0,1,9,62.0,31.0,31.0,0.0,5.5
2026-07-23 08:00:00,29.0,85,63,5,8,58,251.0,167.0,84.0,0.0,4.5
2026-07-23 09:00:00,30.2,76,77,14,3,73,453.0,330.0,123.0,0.1,5.1
2026-07-23 10:00:00,31.3,69,55,5,7,50,644.0,488.0,156.0,0.1,6.8
2026-07-23 11:00:00,32.3,62,25,6,12,10,793.0,633.0,160.0,0.0,8.4
2026-07-23 12:00:00,33.0,58,23,8,19,0,896.0,723.0,173.0,0.1,9.5
2026-07-23 13:00:00,33.4,56,13,5,9,0,899.0,717.0,182.0,0.0,10.1
2026-07-23 14:00:00,33.7,52,6,3,3,1,876.0,690.0,186.0,0.1,7.4
2026-07-23 15:00:00,33.9,51,13,5,12,0,800.0,646.0,154.0,0.0,7.0
2026-07-23 16:00:00,33.8,51,16,5,13,0,652.0,514.0,138.0,0.1,7.2
2026-07-23 17:00:00,33.3,53,12,4,9,0,464.0,348.0,116.0,0.0,8.1
2026-07-23 18:00:00,32.4,60,54,5,4,50,273.0,190.0,83.0,0.0,6.7
2026-07-23 19:00:00,30.4,72,79,9,4,76,85.0,43.0,42.0,0.0,6.0
2026-07-23 20:00:00,29.9,75,30,16,7,14,1.0,0.0,1.0,0.0,7.6
2026-07-23 21:00:00,28.9,80,24,0,2,23,0.0,0.0,0.0,0.0,9.0
2026-07-23 22:00:00,28.2,83,5,0,0,5,0.0,0.0,0.0,0.0,9.2
2026-07-23 23:00:00,27.7,86,0,0,0,0,0.0,0.0,0.0,0.0,8.6
2026-07-24 00:00:00,27.3,87,2,0,0,2,0.0,0.0,0.0,0.0,9.0
2026-07-24 01:00:00,27.0,91,2,0,0,2,0.0,0.0,0.0,0.0,8.0
2026-07-24 02:00:00,26.9,92,80,0,0,80,0.0,0.0,0.0,0.0,5.8
2026-07-24 03:00:00,26.3,95,84,1,1,84,0.0,0.0,0.0,0.0,4.2
2026-07-24 04:00:00,25.8,97,34,0,0,34,0.0,0.0,0.0,0.0,3.1
2026-07-24 05:00:00,25.4,99,18,0,0,18,0.0,0.0,0.0,0.0,1.5
2026-07-24 06:00:00,25.2,100,95,95,0,5,0.0,0.0,0.0,0.0,3.6
2026-07-24 07:00:00,26.1,97,1,0,0,0,63.0,29.0,34.0,0.0,3.5
2026-07-24 08:00:00,28.3,86,15,15,1,0,252.0,167.0,85.0,0.0,2.1
2026-07-24 09:00:00,29.6,79,11,11,0,0,450.0,329.0,121.0,0.1,1.8
2026-07-24 10:00:00,30.7,71,6,6,0,0,651.0,515.0,136.0,0.0,1.4
2026-07-24 11:00:00,31.6,66,12,11,2,0,814.0,676.0,138.0,0.0,1.1
2026-07-24 12:00:00,32.4,62,16,6,10,1,914.0,775.0,139.0,0.0,1.4
2026-07-24 13:00:00,33.0,59,17,7,11,0,962.0,821.0,141.0,0.0,2.4
2026-07-24 14:00:00,33.4,56,10,5,6,0,929.0,791.0,138.0,0.0,2.5
2026-07-24 15:00:00,33.7,56,12,7,5,0,807.0,660.0,147.0,0.0,2.3
2026-07-24 16:00:00,33.7,56,8,2,5,0,671.0,537.0,134.0,0.0,3.2
2026-07-24 17:00:00,33.5,55,4,1,3,0,485.0,380.0,105.0,0.0,3.2
2026-07-24 18:00:00,33.0,57,2,1,2,0,286.0,207.0,79.0,0.0,3.5
2026-07-24 19:00:00,31.2,75,2,0,2,0,90.0,52.0,38.0,0.0,2.7
2026-07-24 20:00:00,30.3,79,2,0,2,0,1.0,0.0,1.0,0.0,4.0
2026-07-24 21:00:00,29.8,78,2,0,2,0,0.0,0.0,0.0,0.0,2.4
2026-07-24 22:00:00,29.4,80,0,0,0,0,0.0,0.0,0.0,0.0,0.8
2026-07-24 23:00:00,28.6,83,84,0,0,84,0.0,0.0,0.0,0.0,1.1
2026-07-25 00:00:00,28.1,85,70,0,0,69,0.0,0.0,0.0,0.0,4.0
2026-07-25 01:00:00,28.1,84,21,0,0,21,0.0,0.0,0.0,0.0,4.2
2026-07-25 02:00:00,28.2,85,43,0,0,43,0.0,0.0,0.0,0.0,3.6
2026-07-25 03:00:00,27.6,86,17,0,4,13,0.0,0.0,0.0,0.0,4.7
2026-07-25 04:00:00,27.0,88,16,0,5,10,0.0,0.0,0.0,0.0,7.4
2026-07-25 05:00:00,26.6,87,20,0,8,12,0.0,0.0,0.0,0.0,7.4
2026-07-25 06:00:00,26.3,89,86,0,17,83,0.0,0.0,0.0,0.0,4.3
2026-07-25 07:00:00,27.4,84,88,2,2,88,63.0,30.0,33.0,0.0,4.1
2026-07-25 08:00:00,28.7,82,99,0,11,99,249.0,167.0,82.0,0.0,3.3
2026-07-25 09:00:00,30.9,73,100,0,99,96,408.0,259.0,149.0,0.0,6.1
2026-07-25 10:00:00,31.8,68,98,0,0,98,449.0,163.0,286.0,0.0,8.3
2026-07-25 11:00:00,33.9,59,78,0,1,77,819.0,662.0,157.0,0.0,7.6
2026-07-25 12:00:00,34.7,56,73,2,6,71,878.0,698.0,180.0,0.0,7.9
2026-07-25 13:00:00,35.1,54,99,2,8,99,882.0,686.0,196.0,0.1,7.6
2026-07-25 14:00:00,33.2,62,99,0,2,99,790.0,484.0,306.0,0.1,11.8
2026-07-25 15:00:00,34.0,60,97,0,8,96,535.0,180.0,355.0,0.1,12.6
2026-07-25 16:00:00,33.9,60,99,1,11,99,473.0,228.0,245.0,0.1,10.1
2026-07-25 17:00:00,32.9,64,98,0,29,98,357.0,187.0,170.0,0.1,10.2
2026-07-25 18:00:00,26.4,95,100,0,75,100,145.0,30.0,115.0,5.9,10.5
2026-07-25 19:00:00,26.7,95,88,0,20,85,19.0,5.0,14.0,0.8,6.9
2026-07-25 20:00:00,27.9,92,99,0,3,99,1.0,0.0,1.0,0.0,4.2
2026-07-25 21:00:00,27.6,91,99,2,37,99,0.0,0.0,0.0,0.0,6.5
2026-07-25 22:00:00,26.6,90,100,2,18,100,0.0,0.0,0.0,0.4,17.1
2026-07-25 23:00:00,25.9,90,100,0,9,100,0.0,0.0,0.0,0.1,13.6
2026-07-26 00:00:00,26.3,90,100,0,100,98,0.0,0.0,0.0,0.0,12.5
2026-07-26 01:00:00,26.9,88,100,1,99,81,0.0,0.0,0.0,0.0,15.0
2026-07-26 02:00:00,28.0,79,100,1,100,100,0.0,0.0,0.0,0.0,17.0
2026-07-26 03:00:00,28.0,76,100,0,100,100,0.0,0.0,0.0,0.0,16.9
2026-07-26 04:00:00,27.2,82,100,3,100,100,0.0,0.0,0.0,0.8,19.4
2026-07-26 05:00:00,26.1,88,100,18,100,100,0.0,0.0,0.0,1.7,22.4
2026-07-26 06:00:00,25.6,91,100,36,100,100,0.0,0.0,0.0,3.7,24.7
2026-07-26 07:00:00,25.3,90,100,100,100,91,11.0,3.0,8.0,4.1,29.3
2026-07-26 08:00:00,27.2,83,100,16,98,100,56.0,5.0,51.0,1.2,23.9
2026-07-26 09:00:00,25.6,91,100,18,100,100,62.0,0.0,62.0,3.3,24.1
2026-07-26 10:00:00,26.8,87,100,16,86,100,194.0,9.0,185.0,1.5,22.2
2026-07-26 11:00:00,27.7,89,100,100,100,100,405.0,151.0,254.0,5.2,20.6
2026-07-26 12:00:00,26.8,90,100,24,100,100,144.0,0.0,144.0,4.5,21.8
2026-07-26 13:00:00,26.4,89,100,100,56,100,179.0,0.0,179.0,2.4,26.5
2026-07-26 14:00:00,25.9,88,100,8,100,99,454.0,106.0,348.0,0.7,22.2
2026-07-26 15:00:00,26.7,85,98,5,72,96,273.0,9.0,264.0,2.6,19.2
2026-07-26 16:00:00,29.9,72,95,9,23,94,520.0,232.0,288.0,0.1,16.1
2026-07-26 17:00:00,29.3,71,99,17,79,96,399.0,235.0,164.0,0.2,16.1
2026-07-26 18:00:00,26.6,90,100,95,35,95,122.0,21.0,101.0,2.6,9.2
2026-07-26 19:00:00,27.2,87,94,3,20,92,48.0,5.0,43.0,0.0,6.8
2026-07-26 20:00:00,25.1,94,100,9,52,100,1.0,0.0,1.0,0.0,10.1
2026-07-26 21:00:00,24.9,93,100,95,100,100,0.0,0.0,0.0,0.1,10.0
2026-07-26 22:00:00,25.2,90,100,30,100,100,0.0,0.0,0.0,0.0,7.1
2026-07-26 23:00:00,25.5,90,100,5,26,100,0.0,0.0,0.0,0.0,7.6
2026-07-27 00:00:00,25.5,93,98,6,37,98,0.0,0.0,0.0,0.0,7.9
2026-07-27 01:00:00,25.8,93,100,11,100,94,0.0,0.0,0.0,0.0,10.9
2026-07-27 02:00:00,26.4,93,100,2,100,94,0.0,0.0,0.0,0.0,7.8
2026-07-27 03:00:00,26.0,95,100,0,100,98,0.0,0.0,0.0,0.0,6.9
2026-07-27 04:00:00,26.2,92,100,32,100,97,0.0,0.0,0.0,0.0,13.6
2026-07-27 05:00:00,25.5,90,60,10,25,41,0.0,0.0,0.0,0.0,17.5
2026-07-27 06:00:00,24.4,88,43,2,11,35,0.0,0.0,0.0,0.0,17.9
2026-07-27 07:00:00,23.5,92,80,41,38,48,50.0,20.0,30.0,4.5,11.7
2026-07-27 08:00:00,27.1,89,47,15,7,33,186.0,93.0,93.0,1.7,11.3
2026-07-27 09:00:00,26.1,90,78,54,38,24,428.0,286.0,142.0,2.3,9.9
2026-07-27 10:00:00,28.9,80,46,23,16,16,554.0,383.0,171.0,0.5,9.0
2026-07-27 11:00:00,31.0,64,67,5,44,41,712.0,508.0,204.0,0.1,12.7
2026-07-27 12:00:00,31.3,57,82,0,37,72,751.0,470.0,281.0,0.1,11.3
2026-07-27 13:00:00,32.1,58,73,2,30,60,866.0,626.0,240.0,0.0,11.1
2026-07-27 14:00:00,31.3,66,100,3,100,66,832.0,608.0,224.0,0.2,10.3
2026-07-27 15:00:00,29.3,77,99,4,88,93,201.0,0.0,201.0,0.0,12.7
2026-07-27 16:00:00,29.6,81,98,22,51,96,536.0,335.0,201.0,0.0,14.5
2026-07-27 17:00:00,29.4,80,98,4,17,98,374.0,170.0,204.0,0.0,12.6
2026-07-27 18:00:00,28.1,84,98,3,5,98,196.0,54.0,142.0,0.0,13.9
2026-07-27 19:00:00,27.5,88,99,5,13,98,51.0,0.0,51.0,0.0,10.3
2026-07-27 20:00:00,28.0,86,84,2,64,56,1.0,0.0,1.0,0.0,13.4
2026-07-27 21:00:00,27.5,89,99,0,98,38,0.0,0.0,0.0,0.2,13.7
2026-07-27 22:00:00,27.1,88,47,4,24,29,0.0,0.0,0.0,0.1,13.9
2026-07-27 23:00:00,26.4,90,71,4,49,42,0.0,0.0,0.0,0.3,11.8
2026-07-28 00:00:00,26.1,93,98,0,96,66,0.0,0.0,0.0,0.4,10.2
2026-07-28 01:00:00,25.9,95,99,6,70,97,0.0,0.0,0.0,0.1,7.8
2026-07-28 02:00:00,26.5,96,98,4,48,95,0.0,0.0,0.0,0.0,9.9
2026-07-28 03:00:00,26.1,96,91,5,42,84,0.0,0.0,0.0,0.9,8.1
2026-07-28 04:00:00,26.0,97,97,2,38,95,0.0,0.0,0.0,0.1,7.4
2026-07-28 05:00:00,25.9,97,100,5,27,99,0.0,0.0,0.0,0.0,7.6
2026-07-28 06:00:00,25.8,96,100,5,34,100,0.0,0.0,0.0,0.0,8.0
2026-07-28 07:00:00,26.2,95,99,12,14,98,50.0,17.0,33.0,0.0,8.7
2026-07-28 08:00:00,27.9,87,89,10,8,87,210.0,96.0,114.0,0.2,10.2
2026-07-28 09:00:00,29.3,79,95,1,18,93,429.0,291.0,138.0,0.0,11.3
2026-07-28 10:00:00,28.4,75,99,27,66,97,577.0,391.0,186.0,0.5,13.3
2026-07-28 11:00:00,27.5,85,96,21,40,92,319.0,27.0,292.0,2.8,5.5
2026-07-28 12:00:00,30.3,71,100,100,25,84,714.0,362.0,352.0,0.1,10.6
2026-07-28 13:00:00,27.8,83,99,13,80,97,533.0,112.0,421.0,1.8,13.1
2026-07-28 14:00:00,29.2,75,100,6,100,100,544.0,134.0,410.0,0.7,8.1
2026-07-28 15:00:00,29.2,73,100,10,100,99,395.0,72.0,323.0,0.1,7.8
2026-07-28 16:00:00,26.7,89,100,10,100,100,157.0,0.0,157.0,1.4,9.2
2026-07-28 17:00:00,26.5,94,100,2,100,97,116.0,13.0,103.0,1.2,7.7
2026-07-28 18:00:00,26.3,96,99,2,87,98,82.0,3.0,79.0,1.0,8.6
2026-07-28 19:00:00,26.0,97,100,5,29,100,18.0,0.0,18.0,0.5,10.7
2026-07-28 20:00:00,27.0,89,100,9,100,99,0.0,0.0,0.0,0.3,11.2
2026-07-28 21:00:00,26.3,89,100,2,100,90,0.0,0.0,0.0,0.0,9.9
2026-07-28 22:00:00,26.1,91,100,5,92,98,0.0,0.0,0.0,0.0,9.9
2026-07-28 23:00:00,25.8,92,100,12,100,99,0.0,0.0,0.0,0.0,10.5
2026-07-29 00:00:00,25.6,93,100,7,47,100,0.0,0.0,0.0,0.0,11.0
2026-07-29 01:00:00,25.2,94,99,7,38,98,0.0,0.0,0.0,0.0,9.2
2026-07-29 02:00:00,25.1,98,100,9,70,100,0.0,0.0,0.0,0.0,11.2
2026-07-29 03:00:00,24.8,98,100,60,100,100,0.0,0.0,0.0,0.3,11.7
2026-07-29 04:00:00,24.5,98,100,97,100,100,0.0,0.0,0.0,1.8,10.7
2026-07-29 05:00:00,24.4,98,100,76,95,100,0.0,0.0,0.0,1.7,11.1
2026-07-29 06:00:00,24.1,98,100,100,66,99,0.0,0.0,0.0,1.2,12.6
2026-07-29 07:00:00,24.2,97,100,100,43,99,18.0,0.0,18.0,0.7,14.5
2026-07-29 08:00:00,25.4,92,100,81,98,97,112.0,9.0,103.0,1.6,18.1
2026-07-29 09:00:00,25.3,95,100,20,100,92,116.0,6.0,110.0,2.7,14.1
2026-07-29 10:00:00,27.0,90,100,21,100,85,243.0,23.0,220.0,0.1,12.3
2026-07-29 11:00:00,27.9,85,100,97,90,95,423.0,103.0,320.0,0.8,13.9
2026-07-29 12:00:00,27.0,88,99,16,80,96,418.0,63.0,355.0,3.0,14.9
2026-07-29 13:00:00,28.4,85,99,59,20,97,577.0,209.0,368.0,1.3,14.6
2026-07-29 14:00:00,28.2,84,98,9,36,97,407.0,81.0,326.0,1.2,11.0
2026-07-29 15:00:00,27.3,87,100,11,98,99,478.0,3.0,475.0,0.9,12.5
2026-07-29 16:00:00,27.0,85,100,24,100,100,226.0,44.0,182.0,0.7,12.7
2026-07-29 17:00:00,26.6,88,100,8,100,100,77.0,15.0,62.0,1.5,10.1
2026-07-29 18:00:00,26.1,89,100,5,100,99,49.0,0.0,49.0,1.4,11.4
2026-07-29 19:00:00,25.6,92,100,0,100,100,19.0,0.0,19.0,1.5,9.8
2026-07-29 20:00:00,26.1,95,100,0,99,100,0.0,0.0,0.0,0.7,4.8
2026-07-29 21:00:00,25.7,97,100,1,95,100,0.0,0.0,0.0,0.1,5.7
2026-07-29 22:00:00,25.6,96,100,15,100,100,0.0,0.0,0.0,0.3,7.3
2026-07-29 23:00:00,25.5,97,98,8,67,93,0.0,0.0,0.0,0.7,6.8
2026-07-30 00:00:00,24.4,98,100,52,100,100,0.0,0.0,0.0,1.0,3.4
2026-07-30 01:00:00,24.4,99,100,15,100,99,0.0,0.0,0.0,0.8,6.0
2026-07-30 02:00:00,24.9,97,100,4,100,100,0.0,0.0,0.0,1.0,7.0
2026-07-30 03:00:00,24.8,97,100,10,100,100,0.0,0.0,0.0,0.1,5.4
2026-07-30 04:00:00,24.7,98,100,39,100,100,0.0,0.0,0.0,0.1,4.5
2026-07-30 05:00:00,24.6,98,100,36,100,100,0.0,0.0,0.0,0.3,6.9
2026-07-30 06:00:00,24.6,98,100,14,100,100,0.0,0.0,0.0,0.1,6.3
2026-07-30 07:00:00,24.9,98,100,9,100,100,12.0,0.0,12.0,0.2,6.5
2026-07-30 08:00:00,26.9,93,100,7,100,98,64.0,4.0,60.0,0.1,4.9
2026-07-30 09:00:00,27.4,89,100,5,100,100,168.0,33.0,135.0,0.1,5.6
2026-07-30 10:00:00,28.0,86,98,7,94,91,227.0,23.0,204.0,0.0,4.4
2026-07-30 11:00:00,29.8,78,100,44,93,98,549.0,251.0,298.0,0.1,8.5
2026-07-30 12:00:00,28.9,81,100,32,87,100,544.0,224.0,320.0,0.9,11.2
2026-07-30 13:00:00,28.8,78,100,20,99,100,592.0,274.0,318.0,0.8,13.5
2026-07-30 14:00:00,26.3,86,100,46,58,99,449.0,112.0,337.0,0.2,10.7
2026-07-30 15:00:00,27.4,87,100,34,45,99,469.0,139.0,330.0,1.6,11.6
2026-07-30 16:00:00,26.0,91,100,9,100,100,202.0,15.0,187.0,1.5,7.8
2026-07-30 17:00:00,26.7,88,100,39,100,100,155.0,17.0,138.0,0.3,8.4
2026-07-30 18:00:00,26.8,89,100,9,100,100,121.0,16.0,105.0,0.0,6.5
2026-07-30 19:00:00,26.5,92,100,10,96,100,36.0,4.0,32.0,0.0,7.2
2026-07-30 20:00:00,26.7,91,99,0,20,99,0.0,0.0,0.0,0.0,6.6
2026-07-30 21:00:00,26.2,93,77,0,23,73,0.0,0.0,0.0,0.0,4.8
2026-07-30 22:00:00,25.9,95,98,2,91,86,0.0,0.0,0.0,0.7,4.3
2026-07-30 23:00:00,25.7,96,95,7,62,92,0.0,0.0,0.0,1.7,4.5
2026-07-31 00:00:00,25.6,97,94,10,16,91,0.0,0.0,0.0,1.0,4.9
2026-07-31 01:00:00,25.3,97,98,5,59,95,0.0,0.0,0.0,0.3,3.9
2026-07-31 02:00:00,25.6,98,98,9,9,98,0.0,0.0,0.0,0.1,4.3
2026-07-31 03:00:00,25.2,99,91,1,2,91,0.0,0.0,0.0,0.1,4.8
2026-07-31 04:00:00,24.9,99,99,8,54,98,0.0,0.0,0.0,0.0,5.4
2026-07-31 05:00:00,24.7,99,100,36,100,98,0.0,0.0,0.0,0.2,5.2
2026-07-31 06:00:00,24.0,98,100,9,99,89,0.0,0.0,0.0,1.2,8.9
2026-07-31 07:00:00,23.7,97,100,100,66,98,14.0,0.0,14.0,1.0,3.3
2026-07-31 08:00:00,25.1,96,100,2,100,100,111.0,14.0,97.0,4.5,6.4
2026-07-31 09:00:00,25.2,97,100,1,100,100,77.0,2.0,75.0,0.6,4.1
2026-07-31 10:00:00,25.6,96,100,1,100,100,102.0,13.0,89.0,0.1,6.0
2026-07-31 11:00:00,25.8,95,100,10,100,100,90.0,0.0,90.0,0.3,8.1
2026-07-31 12:00:00,27.2,87,100,39,24,100,268.0,69.0,199.0,0.5,8.4
2026-07-31 13:00:00,29.4,75,100,2,60,99,676.0,216.0,460.0,0.1,11.1
2026-07-31 14:00:00,29.2,72,100,11,99,100,681.0,321.0,360.0,0.0,10.8
2026-07-31 15:00:00,29.9,69,100,6,59,100,439.0,103.0,336.0,0.0,11.4
2026-07-31 16:00:00,30.1,67,100,7,9,100,385.0,82.0,303.0,0.0,12.5
2026-07-31 17:00:00,29.7,69,99,10,20,99,362.0,147.0,215.0,0.0,15.1
2026-07-31 18:00:00,28.1,77,86,7,20,81,195.0,71.0,124.0,0.2,14.4
2026-07-31 19:00:00,27.0,83,77,1,33,66,68.0,25.0,43.0,0.0,10.8
2026-07-31 20:00:00,25.8,95,100,9,100,98,0.0,0.0,0.0,0.0,8.2
2026-07-31 21:00:00,25.5,94,100,4,100,58,0.0,0.0,0.0,0.1,9.4
2026-07-31 22:00:00,25.2,94,63,11,51,16,0.0,0.0,0.0,0.0,7.7
2026-07-31 23:00:00,25.2,95,77,16,6,72,0.0,0.0,0.0,0.0,5.3
2026-08-01 00:00:00,25.0,95,97,2,18,97,0.0,0.0,0.0,0.0,7.0
2026-08-01 01:00:00,24.8,96,98,9,13,97,0.0,0.0,0.0,0.0,7.7
2026-08-01 02:00:00,25.6,93,99,12,47,98,0.0,0.0,0.0,0.0,8.1
2026-08-01 03:00:00,25.3,94,98,10,41,98,0.0,0.0,0.0,0.0,7.2
2026-08-01 04:00:00,24.5,95,100,58,97,98,0.0,0.0,0.0,2.3,5.0
2026-08-01 05:00:00,24.4,96,100,95,60,100,0.0,0.0,0.0,1.5,8.0
2026-08-01 06:00:00,24.2,97,99,17,42,99,0.0,0.0,0.0,0.5,10.0
2026-08-01 07:00:00,24.4,97,99,93,63,81,38.0,5.0,33.0,0.3,9.1
2026-08-01 08:00:00,26.2,93,100,16,100,34,134.0,33.0,101.0,0.2,8.2
2026-08-01 09:00:00,26.2,90,100,29,100,74,169.0,10.0,159.0,0.4,8.7
2026-08-01 10:00:00,26.9,88,100,28,100,97,225.0,22.0,203.0,0.1,11.3
2026-08-01 11:00:00,27.4,85,100,39,100,98,268.0,23.0,245.0,0.0,8.4
2026-08-01 12:00:00,28.1,80,100,100,37,96,301.0,2.0,299.0,0.0,9.4
2026-08-01 13:00:00,29.3,75,100,100,42,99,439.0,102.0,337.0,0.1,8.1
2026-08-01 14:00:00,27.1,84,100,47,91,100,463.0,80.0,383.0,9.9,11.2
2026-08-01 15:00:00,26.1,94,100,19,98,100,251.0,34.0,217.0,9.3,8.0
2026-08-01 16:00:00,25.7,95,100,2,100,100,113.0,0.0,113.0,3.5,9.8
2026-08-01 17:00:00,25.8,95,100,8,46,100,161.0,14.0,147.0,1.9,12.7
2026-08-01 18:00:00,25.3,96,95,10,9,95,86.0,6.0,80.0,1.0,11.7
2026-08-01 19:00:00,25.0,97,74,17,19,66,32.0,4.0,28.0,0.5,11.9
2026-08-01 20:00:00,25.4,94,100,23,66,99,0.0,0.0,0.0,0.4,11.0
2026-08-01 21:00:00,25.2,96,92,7,19,91,0.0,0.0,0.0,0.4,10.7
2026-08-01 22:00:00,25.1,96,99,5,6,99,0.0,0.0,0.0,0.0,8.5
2026-08-01 23:00:00,24.9,97,97,5,27,96,0.0,0.0,0.0,0.0,8.3
2026-08-02 00:00:00,24.7,97,99,18,23,99,0.0,0.0,0.0,0.0,9.2
2026-08-02 01:00:00,24.5,97,94,12,8,92,0.0,0.0,0.0,0.0,9.4
2026-08-02 02:00:00,24.9,96,99,3,95,87,0.0,0.0,0.0,0.0,9.0
2026-08-02 03:00:00,24.7,96,100,31,56,100,0.0,0.0,0.0,0.0,9.8
2026-08-02 04:00:00,24.5,98,100,27,100,98,0.0,0.0,0.0,0.0,9.4
2026-08-02 05:00:00,24.6,94,100,39,20,100,0.0,0.0,0.0,0.0,9.9
2026-08-02 06:00:00,24.4,97,100,16,39,100,0.0,0.0,0.0,0.1,7.2
2026-08-02 07:00:00,24.8,95,100,24,37,100,39.0,7.0,32.0,0.0,8.9
2026-08-02 08:00:00,25.9,87,98,19,19,97,147.0,39.0,108.0,0.0,9.0
2026-08-02 09:00:00,27.3,83,100,45,100,98,374.0,178.0,196.0,0.5,7.7
2026-08-02 10:00:00,27.7,83,100,28,100,97,316.0,73.0,243.0,0.1,9.2
2026-08-02 11:00:00,28.9,77,100,100,59,77,421.0,109.0,312.0,0.0,9.4
2026-08-02 12:00:00,29.4,74,100,99,30,72,455.0,116.0,339.0,0.0,7.7
2026-08-02 13:00:00,29.8,73,100,100,44,81,495.0,133.0,362.0,0.1,9.2
2026-08-02 14:00:00,28.1,84,100,2,100,45,428.0,69.0,359.0,0.0,7.4
2026-08-02 15:00:00,28.0,80,100,19,100,67,236.0,57.0,179.0,1.1,7.5
2026-08-02 16:00:00,26.3,90,100,11,100,95,222.0,10.0,212.0,1.9,8.0
2026-08-02 17:00:00,25.9,94,97,30,85,67,206.0,44.0,162.0,3.3,4.1
2026-08-02 18:00:00,26.3,94,86,22,38,72,170.0,61.0,109.0,1.7,5.1
2026-08-02 19:00:00,25.5,96,98,18,88,87,41.0,7.0,34.0,3.0,8.2
2026-08-02 20:00:00,25.8,96,100,80,100,98,0.0,0.0,0.0,0.9,10.8
2026-08-02 21:00:00,25.6,96,97,11,21,95,0.0,0.0,0.0,0.4,11.2
2026-08-02 22:00:00,25.4,96,95,11,11,95,0.0,0.0,0.0,0.1,11.0
2026-08-02 23:00:00,25.4,94,100,52,100,82,0.0,0.0,0.0,0.1,10.5
2026-08-03 00:00:00,25.2,94,100,79,98,98,0.0,0.0,0.0,0.1,10.6
2026-08-03 01:00:00,25.2,94,99,77,80,89,0.0,0.0,0.0,0.1,9.6
2026-08-03 02:00:00,25.2,94,100,34,99,95,0.0,0.0,0.0,0.1,11.1
2026-08-03 03:00:00,24.9,97,100,41,100,84,0.0,0.0,0.0,0.9,10.5
2026-08-03 04:00:00,24.5,98,100,37,100,98,0.0,0.0,0.0,1.5,9.8
2026-08-03 05:00:00,24.2,98,99,9,40,99,0.0,0.0,0.0,1.6,9.2
2026-08-03 06:00:00,24.1,99,98,7,72,91,0.0,0.0,0.0,0.7,5.9
2026-08-03 07:00:00,24.3,98,100,25,98,98,24.0,0.0,24.0,0.7,6.3
2026-08-03 08:00:00,25.9,94,99,4,73,97,122.0,16.0,106.0,0.2,7.4
2026-08-03 09:00:00,26.9,90,100,13,96,98,305.0,143.0,162.0,0.3,7.7
2026-08-03 10:00:00,27.8,83,100,21,100,92,336.0,101.0,235.0,0.1,6.2
2026-08-03 11:00:00,28.9,79,100,28,100,96,557.0,220.0,337.0,0.7,6.7
2026-08-03 12:00:00,29.0,79,100,34,100,99,438.0,86.0,352.0,0.1,7.5
2026-08-03 13:00:00,29.3,78,100,2,76,98,459.0,84.0,375.0,0.0,7.9
2026-08-03 14:00:00,30.2,74,100,10,100,98,420.0,108.0,312.0,0.1,6.1
2026-08-03 15:00:00,28.6,79,100,31,100,100,244.0,16.0,228.0,0.2,6.9
2026-08-03 16:00:00,27.1,86,100,1,89,100,229.0,24.0,205.0,0.9,12.5
2026-08-03 17:00:00,26.4,91,100,2,100,99,111.0,3.0,108.0,0.3,10.1
2026-08-03 18:00:00,26.8,90,100,9,100,99,118.0,7.0,111.0,0.1,7.9
2026-08-03 19:00:00,26.3,93,100,18,100,98,19.0,0.0,19.0,0.1,7.9
2026-08-03 20:00:00,26.4,93,100,3,85,99,0.0,0.0,0.0,0.1,7.0
2026-08-03 21:00:00,26.2,95,100,6,27,100,0.0,0.0,0.0,0.2,7.8
2026-08-03 22:00:00,25.9,95,100,27,34,100,0.0,0.0,0.0,0.0,9.1
2026-08-03 23:00:00,25.1,96,100,31,48,100,0.0,0.0,0.0,0.3,12.6
2026-08-04 00:00:00,25.0,97,99,2,15,99,0.0,0.0,0.0,0.1,7.5
2026-08-04 01:00:00,25.0,97,98,6,10,98,0.0,0.0,0.0,0.0,3.6
2026-08-04 02:00:00,25.7,96,99,2,16,99,0.0,0.0,0.0,0.0,3.9
2026-08-04 03:00:00,25.3,98,89,5,54,79,0.0,0.0,0.0,0.1,2.3
2026-08-04 04:00:00,25.2,99,54,0,38,45,0.0,0.0,0.0,0.3,2.7
2026-08-04 05:00:00,25.0,99,64,3,15,59,0.0,0.0,0.0,0.2,5.2
2026-08-04 06:00:00,24.8,99,73,2,31,61,0.0,0.0,0.0,0.1,4.2
2026-08-04 07:00:00,25.4,97,100,100,88,98,48.0,15.0,33.0,0.1,5.3
2026-08-04 08:00:00,26.9,92,97,32,34,93,183.0,70.0,113.0,0.1,5.4
2026-08-04 09:00:00,28.0,86,95,7,41,91,326.0,123.0,203.0,0.2,6.9
2026-08-04 10:00:00,28.7,83,100,9,100,73,408.0,178.0,230.0,0.1,6.9
2026-08-04 11:00:00,29.3,80,100,15,100,91,415.0,66.0,349.0,0.1,5.7
2026-08-04 12:00:00,30.1,76,100,95,100,94,543.0,139.0,404.0,0.1,6.0
2026-08-04 13:00:00,26.5,91,100,45,100,98,392.0,28.0,364.0,7.1,11.1
2026-08-04 14:00:00,29.7,79,100,84,80,98,390.0,94.0,296.0,2.9,8.7
2026-08-04 15:00:00,29.8,80,98,56,21,93,379.0,53.0,326.0,0.4,4.8
2026-08-04 16:00:00,26.1,95,100,5,100,100,234.0,29.0,205.0,8.5,9.9
2026-08-04 17:00:00,26.3,95,100,0,1,100,48.0,0.0,48.0,4.6,4.3
2026-08-04 18:00:00,26.7,95,100,1,64,100,114.0,13.0,101.0,2.4,1.9
2026-08-04 19:00:00,26.5,96,100,7,96,98,25.0,0.0,25.0,1.6,0.7
2026-08-04 20:00:00,27.1,97,99,16,11,98,0.0,0.0,0.0,1.7,1.8
2026-08-04 21:00:00,26.8,98,98,2,2,98,0.0,0.0,0.0,0.5,1.8
2026-08-04 22:00:00,26.5,99,97,0,4,97,0.0,0.0,0.0,0.2,3.3
2026-08-04 23:00:00,26.2,100,100,95,14,95,0.0,0.0,0.0,0.0,3.0
2026-08-05 00:00:00,26.1,100,100,98,2,88,0.0,0.0,0.0,0.0,2.3
2026-08-05 01:00:00,26.0,100,100,100,6,99,0.0,0.0,0.0,0.0,2.6
2026-08-05 02:00:00,26.0,100,98,96,26,27,0.0,0.0,0.0,0.0,5.7
2026-08-05 03:00:00,25.7,100,100,95,100,33,0.0,0.0,0.0,0.0,3.6
2026-08-05 04:00:00,25.7,99,98,9,98,30,0.0,0.0,0.0,0.0,2.8
2026-08-05 05:00:00,25.7,98,100,16,100,25,0.0,0.0,0.0,0.0,2.5
2026-08-05 06:00:00,25.6,99,95,6,95,0,0.0,0.0,0.0,0.0,2.7
2026-08-05 07:00:00,26.1,96,13,2,9,4,34.0,8.0,26.0,0.0,4.5
2026-08-05 08:00:00,27.7,87,37,9,24,11,217.0,120.0,97.0,0.0,4.9
2026-08-05 09:00:00,28.8,78,63,14,54,19,381.0,233.0,148.0,0.0,5.1
2026-08-05 10:00:00,29.9,72,79,16,69,22,554.0,358.0,196.0,0.1,5.6
2026-08-05 11:00:00,30.9,68,58,10,53,1,757.0,566.0,191.0,0.1,5.9
2026-08-05 12:00:00,31.4,65,100,6,100,42,719.0,395.0,324.0,0.0,6.3
2026-08-05 13:00:00,31.4,64,100,7,100,2,670.0,253.0,417.0,0.1,8.6
2026-08-05 14:00:00,32.0,60,22,9,14,1,688.0,347.0,341.0,0.1,4.4
2026-08-05 15:00:00,32.4,59,100,16,100,7,739.0,534.0,205.0,0.0,5.7
2026-08-05 16:00:00,31.7,61,96,20,95,0,346.0,63.0,283.0,0.0,6.7
2026-08-05 17:00:00,31.7,61,84,54,65,0,298.0,110.0,188.0,0.0,6.8
2026-08-05 18:00:00,30.6,70,53,2,52,0,129.0,36.0,93.0,0.0,5.2
2026-08-05 19:00:00,29.6,77,66,2,65,0,52.0,17.0,35.0,0.0,4.2
2026-08-05 20:00:00,29.1,79,22,18,2,3,0.0,0.0,0.0,0.0,5.0
2026-08-05 21:00:00,27.9,82,30,6,21,7,0.0,0.0,0.0,0.0,5.4
2026-08-05 22:00:00,27.5,83,15,2,10,5,0.0,0.0,0.0,0.0,6.5
2026-08-05 23:00:00,27.3,83,46,0,38,19,0.0,0.0,0.0,0.0,6.7
2026-08-06 00:00:00,26.9,85,99,0,99,5,0.0,0.0,0.0,0.0,5.4
2026-08-06 01:00:00,26.3,89,95,4,95,35,0.0,0.0,0.0,0.0,4.0
2026-08-06 02:00:00,26.5,90,96,12,30,95,0.0,0.0,0.0,0.0,3.0
2026-08-06 03:00:00,26.4,90,78,2,3,77,0.0,0.0,0.0,0.0,1.2
2026-08-06 04:00:00,26.4,90,2,0,2,1,0.0,0.0,0.0,0.0,2.0
2026-08-06 05:00:00,26.1,91,2,0,2,0,0.0,0.0,0.0,0.0,1.0
2026-08-06 06:00:00,25.8,92,2,0,2,0,0.0,0.0,0.0,0.0,0.2
2026-08-06 07:00:00,26.7,90,9,0,7,2,53.0,25.0,28.0,0.0,0.9
2026-08-06 08:00:00,28.4,78,23,0,9,16,237.0,152.0,85.0,0.0,0.6
2026-08-06 09:00:00,29.9,70,26,0,25,10,450.0,332.0,118.0,0.0,1.8
2026-08-06 10:00:00,30.8,67,32,0,31,16,630.0,468.0,162.0,0.0,1.7
2026-08-06 11:00:00,31.7,64,22,5,16,12,771.0,577.0,194.0,0.0,2.3
2026-08-06 12:00:00,32.4,61,18,6,13,0,846.0,645.0,201.0,0.0,6.0
2026-08-06 13:00:00,32.9,59,14,3,11,0,885.0,702.0,183.0,0.1,7.4
2026-08-06 14:00:00,33.5,54,8,1,7,2,877.0,701.0,176.0,0.0,6.5
2026-08-06 15:00:00,33.6,53,17,0,9,15,813.0,667.0,146.0,0.0,5.0
2026-08-06 16:00:00,33.6,53,2,0,2,0,668.0,543.0,125.0,0.0,4.4
2026-08-06 17:00:00,33.2,55,2,1,2,0,481.0,373.0,108.0,0.0,6.2
2026-08-06 18:00:00,32.2,63,6,2,3,1,264.0,184.0,80.0,0.0,5.6
2026-08-06 19:00:00,30.5,74,9,1,4,4,70.0,36.0,34.0,0.0,5.0
2026-08-06 20:00:00,30.0,74,14,1,7,11,0.0,0.0,0.0,0.0,5.8
2026-08-06 21:00:00,29.4,75,27,1,11,24,0.0,0.0,0.0,0.0,7.4
2026-08-06 22:00:00,28.5,79,70,1,13,69,0.0,0.0,0.0,0.0,9.2
2026-08-06 23:00:00,27.9,83,77,1,19,75,0.0,0.0,0.0,0.0,7.6
2026-08-07 00:00:00,27.4,85,48,0,19,45,0.0,0.0,0.0,0.0,6.5
2026-08-07 01:00:00,27.0,87,0,0,0,0,0.0,0.0,0.0,0.0,5.8
2026-08-07 02:00:00,27.0,88,1,0,0,1,0.0,0.0,0.0,0.0,4.4
2026-08-07 03:00:00,26.4,89,4,1,3,1,0.0,0.0,0.0,0.0,4.7
2026-08-07 04:00:00,26.0,90,0,0,0,0,0.0,0.0,0.0,0.0,3.6
2026-08-07 05:00:00,25.9,89,2,0,2,0,0.0,0.0,0.0,0.0,3.3
2026-08-07 06:00:00,25.6,89,0,0,0,0,0.0,0.0,0.0,0.0,3.9
2026-08-07 07:00:00,26.4,84,11,6,5,0,52.0,25.0,27.0,0.0,3.5
2026-08-07 08:00:00,28.2,79,17,0,17,0,231.0,149.0,82.0,0.0,5.0
2026-08-07 09:00:00,29.8,71,18,4,14,0,420.0,297.0,123.0,0.0,4.4
2026-08-07 10:00:00,31.2,63,14,0,14,0,599.0,441.0,158.0,0.0,3.7
2026-08-07 11:00:00,32.5,57,4,0,4,0,757.0,587.0,170.0,0.0,3.0
2026-08-07 12:00:00,33.5,55,5,0,2,3,897.0,737.0,160.0,0.0,2.9
2026-08-07 13:00:00,33.9,56,8,1,2,5,927.0,753.0,174.0,0.0,3.7
2026-08-07 14:00:00,34.8,52,59,5,13,52,898.0,739.0,159.0,0.1,2.2
2026-08-07 15:00:00,33.4,60,76,6,6,73,725.0,480.0,245.0,0.2,9.7
2026-08-07 16:00:00,32.9,67,23,0,1,23,568.0,345.0,223.0,0.2,7.2
2026-08-07 17:00:00,33.0,66,16,0,4,13,462.0,340.0,122.0,0.0,6.0
2026-08-07 18:00:00,32.4,69,32,2,4,28,249.0,163.0,86.0,0.0,5.5
2026-08-07 19:00:00,31.2,81,3,0,0,2,62.0,28.0,34.0,0.0,3.1
2026-08-07 20:00:00,29.9,87,11,0,3,9,0.0,0.0,0.0,0.0,3.1
2026-08-07 21:00:00,29.4,88,26,2,2,24,0.0,0.0,0.0,0.0,4.9
2026-08-07 22:00:00,29.0,90,12,3,2,7,0.0,0.0,0.0,0.0,4.5
2026-08-07 23:00:00,28.6,91,4,0,0,4,0.0,0.0,0.0,0.0,4.6
2026-08-08 00:00:00,28.4,91,2,2,2,1,0.0,0.0,0.0,0.0,4.0
2026-08-08 01:00:00,28.1,91,2,1,0,0,0.0,0.0,0.0,0.0,4.1
2026-08-08 02:00:00,27.5,92,0,0,0,0,0.0,0.0,0.0,0.0,6.9
2026-08-08 03:00:00,27.0,94,2,2,0,0,0.0,0.0,0.0,0.0,5.7
2026-08-08 04:00:00,26.9,94,4,4,1,0,0.0,0.0,0.0,0.0,6.8
2026-08-08 05:00:00,26.9,94,13,9,13,0,0.0,0.0,0.0,0.0,6.9
2026-08-08 06:00:00,26.8,93,30,14,22,0,0.0,0.0,0.0,0.1,5.9
2026-08-08 07:00:00,27.7,90,6,5,2,0,44.0,19.0,25.0,0.0,6.0
2026-08-08 08:00:00,30.1,83,7,0,7,0,229.0,146.0,83.0,0.0,5.6
2026-08-08 09:00:00,31.7,75,1,0,1,0,436.0,320.0,116.0,0.0,7.1
2026-08-08 10:00:00,33.0,67,9,6,0,2,643.0,512.0,131.0,0.0,9.2
2026-08-08 11:00:00,33.8,63,6,4,2,2,783.0,630.0,153.0,0.0,11.2
2026-08-08 12:00:00,34.4,61,5,2,2,1,893.0,736.0,157.0,0.0,11.4
2026-08-08 13:00:00,34.9,58,7,3,5,0,926.0,769.0,157.0,0.0,12.1
2026-08-08 14:00:00,35.5,54,9,4,5,0,891.0,728.0,163.0,0.0,11.8
2026-08-08 15:00:00,35.7,51,13,4,12,0,798.0,638.0,160.0,0.0,13.0
2026-08-08 16:00:00,35.5,52,5,0,5,0,639.0,502.0,137.0,0.0,12.6
2026-08-08 17:00:00,34.7,55,3,0,3,0,443.0,328.0,115.0,0.0,11.0
2026-08-08 18:00:00,33.7,65,9,2,9,0,242.0,156.0,86.0,0.0,6.6
2026-08-08 19:00:00,32.0,73,5,0,5,0,63.0,33.0,30.0,0.0,5.9
2026-08-08 20:00:00,31.5,72,21,0,9,13,0.0,0.0,0.0,0.0,8.2
2026-08-08 21:00:00,30.4,77,24,4,20,6,0.0,0.0,0.0,0.0,7.7
2026-08-08 22:00:00,29.8,77,46,3,38,12,0.0,0.0,0.0,0.1,14.9
2026-08-08 23:00:00,28.4,79,31,9,11,22,0.0,0.0,0.0,0.0,11.9
2026-08-09 00:00:00,28.0,83,84,0,2,84,0.0,0.0,0.0,0.0,12.0
2026-08-09 01:00:00,27.5,88,67,2,2,66,0.0,0.0,0.0,0.0,9.8
2026-08-09 02:00:00,28.0,89,12,5,2,6,0.0,0.0,0.0,0.0,7.9
2026-08-09 03:00:00,27.6,89,24,0,2,23,0.0,0.0,0.0,0.0,6.4
2026-08-09 04:00:00,27.4,91,47,0,1,47,0.0,0.0,0.0,0.0,5.7
2026-08-09 05:00:00,27.3,91,55,0,0,55,0.0,0.0,0.0,0.0,7.1
2026-08-09 06:00:00,27.3,91,16,0,0,16,0.0,0.0,0.0,0.0,7.9
2026-08-09 07:00:00,28.2,88,35,0,0,34,50.0,24.0,26.0,0.0,9.2
2026-08-09 08:00:00,30.2,84,3,0,0,3,231.0,149.0,82.0,0.0,7.1
2026-08-09 09:00:00,32.0,70,0,0,0,0,452.0,346.0,106.0,0.0,9.6
2026-08-09 10:00:00,33.3,59,13,12,4,0,656.0,535.0,121.0,0.0,14.3
2026-08-09 11:00:00,33.8,57,4,4,1,0,775.0,614.0,161.0,0.0,15.5
2026-08-09 12:00:00,34.5,54,12,5,8,0,896.0,742.0,154.0,0.0,15.5
2026-08-09 13:00:00,34.7,56,7,0,1,6,919.0,763.0,156.0,0.0,14.3
2026-08-09 14:00:00,35.3,53,9,0,4,5,919.0,774.0,145.0,0.0,14.4
2026-08-09 15:00:00,35.4,52,9,0,9,0,790.0,627.0,163.0,0.1,14.2
2026-08-09 16:00:00,35.4,51,7,0,7,0,664.0,540.0,124.0,0.0,12.0
2026-08-09 17:00:00,35.2,52,8,2,8,0,470.0,362.0,108.0,0.0,10.9
2026-08-09 18:00:00,34.1,61,8,0,7,1,251.0,171.0,80.0,0.0,6.9
2026-08-09 19:00:00,32.1,70,5,2,5,0,66.0,35.0,31.0,0.0,6.6
2026-08-09 20:00:00,31.6,66,13,0,11,2,0.0,0.0,0.0,0.0,10.0
2026-08-09 21:00:00,30.8,69,9,0,6,3,0.0,0.0,0.0,0.0,8.6
2026-08-09 22:00:00,30.3,70,41,0,1,41,0.0,0.0,0.0,0.0,9.7
2026-08-09 23:00:00,30.2,68,19,0,2,17,0.0,0.0,0.0,0.0,11.9
2026-08-10 00:00:00,29.7,69,55,0,2,55,0.0,0.0,0.0,0.0,12.2
2026-08-10 01:00:00,29.1,71,14,0,1,13,0.0,0.0,0.0,0.0,12.0
2026-08-10 02:00:00,29.4,72,85,0,0,85,0.0,0.0,0.0,0.0,11.9
2026-08-10 03:00:00,28.9,73,8,0,1,7,0.0,0.0,0.0,0.0,13.1
2026-08-10 04:00:00,28.6,74,29,0,1,28,0.0,0.0,0.0,0.0,14.7
2026-08-10 05:00:00,28.2,76,31,0,0,31,0.0,0.0,0.0,0.0,13.6
2026-08-10 06:00:00,27.8,77,25,0,0,24,0.0,0.0,0.0,0.0,12.3
2026-08-10 07:00:00,28.3,76,16,1,2,13,49.0,24.0,25.0,0.0,12.3
2026-08-10 08:00:00,30.4,72,30,3,0,28,231.0,152.0,79.0,0.0,9.2
2026-08-10 09:00:00,31.6,64,33,0,0,33,446.0,336.0,110.0,0.0,13.5
2026-08-10 10:00:00,32.4,61,30,0,0,30,652.0,526.0,126.0,0.0,15.0
2026-08-10 11:00:00,33.2,59,33,2,0,31,812.0,673.0,139.0,0.0,15.0
2026-08-10 12:00:00,34.0,56,58,8,13,48,920.0,775.0,145.0,0.0,15.1
2026-08-10 13:00:00,34.1,54,16,11,8,2,869.0,673.0,196.0,0.1,15.4
2026-08-10 14:00:00,34.7,50,6,2,5,0,899.0,735.0,164.0,0.1,16.7
2026-08-10 15:00:00,34.7,50,16,6,10,4,803.0,656.0,147.0,0.1,15.4
2026-08-10 16:00:00,34.5,50,13,3,11,1,642.0,507.0,135.0,0.1,14.2
2026-08-10 17:00:00,33.6,54,11,0,11,0,443.0,326.0,117.0,0.1,13.4
2026-08-10 18:00:00,32.7,61,5,0,5,0,239.0,153.0,86.0,0.0,8.5
2026-08-10 19:00:00,31.0,68,32,0,8,26,63.0,32.0,31.0,0.0,7.4
2026-08-10 20:00:00,30.5,67,91,0,2,91,0.0,0.0,0.0,0.0,10.1
2026-08-10 21:00:00,29.7,65,99,0,5,99,0.0,0.0,0.0,0.0,10.2
2026-08-10 22:00:00,29.2,67,80,0,5,79,0.0,0.0,0.0,0.0,9.2
2026-08-10 23:00:00,29.0,68,68,0,2,67,0.0,0.0,0.0,0.0,9.2
2026-08-11 00:00:00,28.7,70,71,0,3,70,0.0,0.0,0.0,0.0,8.6
2026-08-11 01:00:00,28.2,74,27,1,1,26,0.0,0.0,0.0,0.0,7.0
2026-08-11 02:00:00,28.3,78,33,5,22,13,0.0,0.0,0.0,0.0,4.0
2026-08-11 03:00:00,27.8,81,30,10,25,5,0.0,0.0,0.0,0.0,3.4
2026-08-11 04:00:00,27.5,82,20,8,20,0,0.0,0.0,0.0,0.0,4.4
2026-08-11 05:00:00,27.5,81,41,4,41,0,0.0,0.0,0.0,0.0,5.7
2026-08-11 06:00:00,27.3,80,26,2,25,0,0.0,0.0,0.0,0.0,6.7
2026-08-11 07:00:00,27.6,78,21,2,21,0,40.0,13.0,27.0,0.0,8.6
2026-08-11 08:00:00,30.0,71,35,0,13,25,225.0,139.0,86.0,0.0,6.9
2026-08-11 09:00:00,31.3,63,67,0,2,66,442.0,326.0,116.0,0.0,9.7
2026-08-11 10:00:00,32.2,59,88,0,2,88,643.0,512.0,131.0,0.0,10.2
2026-08-11 11:00:00,33.0,57,88,0,1,88,805.0,659.0,146.0,0.0,8.8
2026-08-11 12:00:00,33.7,55,62,0,1,61,912.0,764.0,148.0,0.0,8.7
2026-08-11 13:00:00,34.2,53,60,1,1,59,952.0,804.0,148.0,0.0,8.6
2026-08-11 14:00:00,35.1,49,85,1,6,84,925.0,780.0,145.0,0.0,8.0
2026-08-11 15:00:00,34.9,49,83,3,15,80,767.0,632.0,135.0,0.0,9.2
2026-08-11 16:00:00,34.5,51,92,7,27,88,642.0,502.0,140.0,0.1,9.6
2026-08-11 17:00:00,34.0,53,100,2,13,100,451.0,338.0,113.0,0.0,8.6
2026-08-11 18:00:00,33.2,59,96,1,5,96,249.0,163.0,86.0,0.0,4.7
2026-08-11 19:00:00,31.9,69,98,0,1,98,61.0,31.0,30.0,0.0,0.5
2026-08-11 20:00:00,30.6,80,44,0,2,42,0.0,0.0,0.0,0.0,1.3
2026-08-11 21:00:00,30.2,81,27,0,1,27,0.0,0.0,0.0,0.0,1.0
2026-08-11 22:00:00,29.4,86,17,1,1,16,0.0,0.0,0.0,0.0,3.9
2026-08-11 23:00:00,29.2,83,1,0,1,0,0.0,0.0,0.0,0.0,4.8
2026-08-12 00:00:00,29.4,80,10,5,2,4,0.0,0.0,0.0,0.0,6.8
2026-08-12 01:00:00,29.4,79,20,3,1,17,0.0,0.0,0.0,0.0,7.6
2026-08-12 02:00:00,29.5,82,23,5,3,18,0.0,0.0,0.0,0.0,6.0
2026-08-12 03:00:00,28.7,84,54,0,7,51,0.0,0.0,0.0,0.0,8.1
2026-08-12 04:00:00,28.5,85,68,0,4,66,0.0,0.0,0.0,0.0,7.9
2026-08-12 05:00:00,28.0,83,100,5,2,100,0.0,0.0,0.0,0.0,8.3
2026-08-12 06:00:00,27.8,84,97,2,2,97,0.0,0.0,0.0,0.0,7.0
2026-08-12 07:00:00,28.5,85,99,0,2,99,45.0,17.0,28.0,0.0,7.6
2026-08-12 08:00:00,30.3,77,95,0,0,95,225.0,141.0,84.0,0.0,5.4
2026-08-12 09:00:00,31.9,72,96,0,0,96,446.0,333.0,113.0,0.0,5.6
2026-08-12 10:00:00,33.5,65,98,0,2,97,643.0,506.0,137.0,0.0,7.6
2026-08-12 11:00:00,34.8,56,93,0,6,92,790.0,633.0,157.0,0.0,9.7
2026-08-12 12:00:00,35.3,52,88,5,11,86,857.0,670.0,187.0,0.0,10.4
2026-08-12 13:00:00,35.5,50,78,2,17,73,854.0,661.0,193.0,0.0,11.2
2026-08-12 14:00:00,36.5,44,91,0,8,90,883.0,726.0,157.0,0.0,9.9
2026-08-12 15:00:00,36.3,44,100,0,8,100,725.0,535.0,190.0,0.0,10.0
2026-08-12 16:00:00,35.8,45,94,0,5,94,557.0,396.0,161.0,0.0,9.9
2026-08-12 17:00:00,35.5,46,95,0,5,95,444.0,315.0,129.0,0.0,7.6
2026-08-12 18:00:00,34.6,56,99,0,3,99,238.0,146.0,92.0,0.0,4.0
2026-08-12 19:00:00,32.7,64,80,0,2,80,56.0,21.0,35.0,0.0,5.6
2026-08-12 20:00:00,32.2,68,83,0,8,81,0.0,0.0,0.0,0.0,10.5
2026-08-12 21:00:00,31.7,67,59,0,15,52,0.0,0.0,0.0,0.0,9.7
2026-08-12 22:00:00,31.3,70,34,0,9,27,0.0,0.0,0.0,0.0,12.5
2026-08-12 23:00:00,30.4,80,26,0,2,23,0.0,0.0,0.0,0.0,12.8
2026-08-13 00:00:00,30.0,84,41,8,20,27,0.0,0.0,0.0,0.0,12.8
2026-08-13 01:00:00,28.2,84,30,0,9,24,0.0,0.0,0.0,0.1,12.2
2026-08-13 02:00:00,28.2,91,41,0,2,40,0.0,0.0,0.0,0.2,3.8
2026-08-13 03:00:00,28.1,90,25,2,1,22,0.0,0.0,0.0,0.0,7.5
2026-08-13 04:00:00,28.1,92,65,0,2,64,0.0,0.0,0.0,0.0,8.1
2026-08-13 05:00:00,28.0,93,77,0,3,77,0.0,0.0,0.0,0.0,8.6
2026-08-13 06:00:00,27.8,94,88,0,1,88,0.0,0.0,0.0,0.0,6.4
2026-08-13 07:00:00,28.2,92,84,0,0,84,44.0,15.0,29.0,0.0,5.8
2026-08-13 08:00:00,27.3,93,100,9,100,36,217.0,126.0,91.0,0.0,2.4
2026-08-13 09:00:00,28.5,86,100,0,100,34,136.0,0.0,136.0,0.0,4.4
2026-08-13 10:00:00,29.6,80,100,0,100,55,274.0,50.0,224.0,0.0,2.7
2026-08-13 11:00:00,29.9,78,100,0,100,87,260.0,9.0,251.0,0.0,1.0
2026-08-13 12:00:00,30.5,76,98,0,92,84,277.0,36.0,241.0,0.0,0.6
2026-08-13 13:00:00,31.6,72,88,3,20,85,490.0,145.0,345.0,0.0,1.5
2026-08-13 14:00:00,30.6,75,100,16,100,97,840.0,568.0,272.0,0.0,8.5
2026-08-13 15:00:00,29.4,80,100,0,100,95,233.0,5.0,228.0,0.2,6.9
2026-08-13 16:00:00,29.6,78,100,0,98,92,131.0,4.0,127.0,0.0,3.8
2026-08-13 17:00:00,30.0,76,92,0,33,88,189.0,36.0,153.0,0.0,4.5
2026-08-13 18:00:00,30.3,75,98,1,12,98,200.0,81.0,119.0,0.0,5.1
2026-08-13 19:00:00,29.5,84,89,1,31,84,48.0,14.0,34.0,0.0,1.5
2026-08-13 20:00:00,28.7,91,100,3,28,100,0.0,0.0,0.0,0.2,5.6
2026-08-13 21:00:00,28.4,93,99,1,8,99,0.0,0.0,0.0,0.2,3.1
2026-08-13 22:00:00,28.1,95,100,5,18,100,0.0,0.0,0.0,0.1,2.5
2026-08-13 23:00:00,27.6,97,100,23,47,100,0.0,0.0,0.0,0.7,3.7
2026-08-14 00:00:00,27.5,98,99,1,28,99,0.0,0.0,0.0,0.7,3.4
2026-08-14 01:00:00,27.4,98,98,6,26,98,0.0,0.0,0.0,0.0,5.2
2026-08-14 02:00:00,27.8,95,98,16,82,93,0.0,0.0,0.0,3.0,5.0
2026-08-14 03:00:00,26.8,98,96,2,14,95,0.0,0.0,0.0,3.2,5.2
2026-08-14 04:00:00,26.8,99,98,17,59,94,0.0,0.0,0.0,0.1,3.9
2026-08-14 05:00:00,26.9,97,92,13,26,89,0.0,0.0,0.0,0.1,2.5
2026-08-14 06:00:00,26.7,95,98,19,55,93,0.0,0.0,0.0,1.3,4.3
2026-08-14 07:00:00,26.6,96,97,3,12,96,27.0,6.0,21.0,1.1,3.1
2026-08-14 08:00:00,26.9,96,100,100,48,95,122.0,17.0,105.0,3.0,3.7
2026-08-14 09:00:00,27.2,94,100,98,12,96,131.0,11.0,120.0,1.4,0.5
2026-08-14 10:00:00,28.9,88,98,36,35,94,395.0,94.0,301.0,0.2,2.4
2026-08-14 11:00:00,30.4,80,99,91,5,95,567.0,234.0,333.0,0.1,4.1
2026-08-14 12:00:00,31.7,73,99,52,1,98,723.0,379.0,344.0,0.1,4.2
2026-08-14 13:00:00,27.4,92,100,80,86,100,502.0,164.0,338.0,6.0,17.2
2026-08-14 14:00:00,28.8,84,100,30,16,100,178.0,8.0,170.0,2.3,10.4
2026-08-14 15:00:00,28.4,85,100,30,21,100,342.0,56.0,286.0,3.3,10.5
2026-08-14 16:00:00,28.7,83,100,25,3,100,258.0,26.0,232.0,0.3,7.8
2026-08-14 17:00:00,29.0,80,100,34,10,100,208.0,18.0,190.0,0.3,8.8
2026-08-14 18:00:00,28.7,82,95,33,5,94,105.0,7.0,98.0,0.2,6.8
2026-08-14 19:00:00,28.1,88,63,25,16,49,42.0,8.0,34.0,0.2,5.5
2026-08-14 20:00:00,26.7,97,100,93,24,95,0.0,0.0,0.0,0.2,3.6
2026-08-14 21:00:00,26.3,99,99,16,45,98,0.0,0.0,0.0,2.0,2.9
2026-08-14 22:00:00,26.2,99,100,13,18,100,0.0,0.0,0.0,0.3,3.9
2026-08-14 23:00:00,26.1,99,99,16,27,99,0.0,0.0,0.0,0.0,4.0
2026-08-15 00:00:00,25.8,97,99,28,49,98,0.0,0.0,0.0,0.7,4.7
2026-08-15 01:00:00,25.6,99,100,20,41,99,0.0,0.0,0.0,0.1,4.9
2026-08-15 02:00:00,25.6,97,100,100,89,99,0.0,0.0,0.0,0.0,3.2
2026-08-15 03:00:00,25.5,99,100,26,100,99,0.0,0.0,0.0,1.5,4.0
2026-08-15 04:00:00,25.2,100,100,100,34,98,0.0,0.0,0.0,4.8,2.3
2026-08-15 05:00:00,25.3,98,99,5,5,99,0.0,0.0,0.0,2.0,4.5
2026-08-15 06:00:00,25.3,97,99,13,14,98,0.0,0.0,0.0,0.4,3.6
2026-08-15 07:00:00,25.5,96,98,20,33,98,28.0,2.0,26.0,0.0,8.6
2026-08-15 08:00:00,27.5,92,94,0,29,91,127.0,19.0,108.0,0.0,4.7
2026-08-15 09:00:00,29.0,85,99,3,80,97,354.0,192.0,162.0,0.0,2.3
2026-08-15 10:00:00,29.8,82,99,9,97,82,414.0,133.0,281.0,0.0,2.9
2026-08-15 11:00:00,30.3,79,88,10,37,80,443.0,113.0,330.0,0.0,2.9
2026-08-15 12:00:00,31.4,75,95,6,76,81,728.0,458.0,270.0,0.0,3.2
2026-08-15 13:00:00,32.2,70,76,9,39,62,671.0,342.0,329.0,0.0,3.0
2026-08-15 14:00:00,33.2,64,80,5,6,77,690.0,452.0,238.0,0.1,4.6
2026-08-15 15:00:00,33.5,63,92,9,13,91,784.0,596.0,188.0,0.1,3.8
2026-08-15 16:00:00,28.1,86,100,100,45,99,536.0,331.0,205.0,2.2,19.4
2026-08-15 17:00:00,27.0,93,100,15,61,99,180.0,54.0,126.0,2.4,5.7
2026-08-15 18:00:00,27.1,93,99,0,26,98,80.0,9.0,71.0,1.6,3.3
2026-08-15 19:00:00,27.1,94,98,4,26,98,36.0,6.0,30.0,0.1,3.8
2026-08-15 20:00:00,28.1,92,99,0,0,99,0.0,0.0,0.0,0.0,8.0
2026-08-15 21:00:00,27.8,93,100,0,0,100,0.0,0.0,0.0,0.2,4.4
2026-08-15 22:00:00,27.7,94,100,0,0,100,0.0,0.0,0.0,0.0,2.2
2026-08-15 23:00:00,27.6,95,90,0,1,90,0.0,0.0,0.0,0.0,3.3
2026-08-16 00:00:00,27.6,95,77,0,7,74,0.0,0.0,0.0,0.0,3.8
2026-08-16 01:00:00,27.6,96,93,3,15,92,0.0,0.0,0.0,0.0,4.3
2026-08-16 02:00:00,27.7,92,89,3,20,86,0.0,0.0,0.0,0.0,7.7
2026-08-16 03:00:00,27.0,93,20,0,5,15,0.0,0.0,0.0,0.0,7.6
2026-08-16 04:00:00,26.7,95,40,0,20,27,0.0,0.0,0.0,0.0,5.5
2026-08-16 05:00:00,26.6,96,91,1,27,87,0.0,0.0,0.0,0.0,3.3
2026-08-16 06:00:00,26.5,97,85,6,22,80,0.0,0.0,0.0,0.0,3.0
2026-08-16 07:00:00,27.1,95,89,4,2,88,39.0,10.0,29.0,0.0,2.7
2026-08-16 08:00:00,28.3,85,22,3,2,18,194.0,83.0,111.0,0.0,4.7
2026-08-16 09:00:00,29.9,79,34,0,7,31,429.0,306.0,123.0,0.0,5.3
2026-08-16 10:00:00,31.2,72,68,1,4,66,620.0,462.0,158.0,0.0,4.1
2026-08-16 11:00:00,32.3,68,82,2,1,81,750.0,575.0,175.0,0.1,3.9
2026-08-16 12:00:00,33.3,65,98,4,4,98,889.0,704.0,185.0,0.0,3.0
2026-08-16 13:00:00,33.8,63,94,11,5,93,922.0,735.0,187.0,0.0,4.0
2026-08-16 14:00:00,34.6,54,91,8,14,89,824.0,628.0,196.0,0.0,4.1
2026-08-16 15:00:00,34.6,54,96,3,11,95,757.0,567.0,190.0,0.0,4.8
2026-08-16 16:00:00,34.4,55,98,4,22,98,603.0,439.0,164.0,0.0,6.2
2026-08-16 17:00:00,34.1,56,95,6,8,95,375.0,197.0,178.0,0.0,4.8
2026-08-16 18:00:00,33.6,58,92,13,18,90,216.0,117.0,99.0,0.1,2.4
2026-08-16 19:00:00,31.2,73,89,9,9,87,38.0,13.0,25.0,0.0,5.9
2026-08-16 20:00:00,30.6,83,77,0,12,74,0.0,0.0,0.0,0.0,4.9
2026-08-16 21:00:00,30.0,85,48,10,10,36,0.0,0.0,0.0,0.0,8.8
2026-08-16 22:00:00,29.6,83,45,0,5,41,0.0,0.0,0.0,0.0,9.9
2026-08-16 23:00:00,29.0,85,68,1,2,67,0.0,0.0,0.0,0.0,8.8
2026-08-17 00:00:00,28.5,89,48,2,7,44,0.0,0.0,0.0,0.0,5.4
2026-08-17 01:00:00,28.3,91,66,3,9,61,0.0,0.0,0.0,0.0,4.5
2026-08-17 02:00:00,28.7,90,70,2,16,64,0.0,0.0,0.0,0.0,4.0
2026-08-17 03:00:00,28.0,93,84,1,15,82,0.0,0.0,0.0,0.0,5.1
2026-08-17 04:00:00,27.7,92,65,2,13,60,0.0,0.0,0.0,0.0,5.5
2026-08-17 05:00:00,27.2,93,66,9,13,60,0.0,0.0,0.0,0.0,3.7
2026-08-17 06:00:00,26.8,93,74,13,35,55,0.0,0.0,0.0,0.1,5.5
2026-08-17 07:00:00,27.2,91,56,0,29,39,39.0,12.0,27.0,0.0,4.0
2026-08-17 08:00:00,27.9,92,98,13,1,98,203.0,110.0,93.0,0.0,5.4
2026-08-17 09:00:00,29.1,84,98,57,11,94,319.0,130.0,189.0,0.0,5.8
2026-08-17 10:00:00,31.2,74,97,59,19,91,559.0,315.0,244.0,0.0,6.5
2026-08-17 11:00:00,31.9,74,96,30,6,95,680.0,366.0,314.0,0.1,6.2
2026-08-17 12:00:00,32.1,74,98,27,6,97,695.0,328.0,367.0,0.2,5.9
2026-08-17 13:00:00,32.3,74,98,3,5,98,723.0,338.0,385.0,0.3,4.0
2026-08-17 14:00:00,31.2,74,98,0,10,98,662.0,326.0,336.0,0.2,5.1
2026-08-17 15:00:00,31.9,73,99,13,32,98,592.0,239.0,353.0,0.1,8.2
2026-08-17 16:00:00,31.8,73,96,6,9,96,497.0,225.0,272.0,0.0,7.6
2026-08-17 17:00:00,31.6,75,99,0,16,99,350.0,159.0,191.0,0.0,5.9
2026-08-17 18:00:00,31.2,76,100,0,6,99,198.0,92.0,106.0,0.0,5.9
2026-08-17 19:00:00,29.9,85,99,0,0,99,43.0,9.0,34.0,0.0,3.2
2026-08-17 20:00:00,28.2,96,98,0,6,98,0.0,0.0,0.0,0.0,7.0
2026-08-17 21:00:00,27.4,99,99,8,5,99,0.0,0.0,0.0,1.8,6.8
2026-08-17 22:00:00,26.7,97,100,100,34,100,0.0,0.0,0.0,0.8,6.3
2026-08-17 23:00:00,25.7,99,100,99,9,99,0.0,0.0,0.0,8.1,7.0
2026-08-18 00:00:00,25.5,97,99,18,18,99,0.0,0.0,0.0,4.4,9.4
2026-08-18 01:00:00,25.1,98,100,100,12,100,0.0,0.0,0.0,3.6,11.1
2026-08-18 02:00:00,27.1,97,99,5,30,98,0.0,0.0,0.0,2.1,5.7
2026-08-18 03:00:00,26.5,99,100,9,2,100,0.0,0.0,0.0,0.6,5.2
2026-08-18 04:00:00,26.3,99,100,16,81,99,0.0,0.0,0.0,0.2,6.9
2026-08-18 05:00:00,26.1,98,100,6,73,99,0.0,0.0,0.0,0.1,5.2
2026-08-18 06:00:00,26.0,98,100,9,97,100,0.0,0.0,0.0,1.6,7.6
2026-08-18 07:00:00,25.8,98,99,10,9,99,13.0,0.0,13.0,0.7,9.1
2026-08-18 08:00:00,27.8,92,89,13,5,87,131.0,15.0,116.0,0.0,7.1
2026-08-18 09:00:00,29.0,85,34,4,15,25,354.0,164.0,190.0,0.0,7.1
2026-08-18 10:00:00,30.3,79,94,2,34,93,550.0,331.0,219.0,0.0,8.4
2026-08-18 11:00:00,28.9,83,99,63,77,95,479.0,183.0,296.0,1.9,11.7
2026-08-18 12:00:00,27.6,92,100,7,96,95,284.0,38.0,246.0,4.9,7.9
2026-08-18 13:00:00,28.9,84,95,4,52,90,264.0,24.0,240.0,0.0,6.9
2026-08-18 14:00:00,31.7,68,96,9,39,95,561.0,172.0,389.0,0.0,7.6
2026-08-18 15:00:00,32.0,67,99,6,11,98,724.0,473.0,251.0,0.4,6.2
2026-08-18 16:00:00,32.0,66,98,11,19,97,545.0,286.0,259.0,0.1,6.1
2026-08-18 17:00:00,31.3,69,98,12,13,97,389.0,211.0,178.0,0.1,8.3
2026-08-18 18:00:00,30.0,79,88,2,12,87,174.0,59.0,115.0,0.1,8.8
2026-08-18 19:00:00,28.9,86,98,1,23,98,41.0,10.0,31.0,0.0,7.2
2026-08-18 20:00:00,28.9,91,88,2,30,82,0.0,0.0,0.0,0.0,6.4
2026-08-18 21:00:00,28.4,92,80,16,63,40,0.0,0.0,0.0,0.1,6.7
2026-08-18 22:00:00,28.0,93,78,1,77,26,0.0,0.0,0.0,0.1,3.1
2026-08-18 23:00:00,27.7,95,69,3,56,30,0.0,0.0,0.0,0.3,0.5
2026-08-19 00:00:00,27.6,97,33,10,24,9,0.0,0.0,0.0,2.3,2.7
2026-08-19 01:00:00,27.6,95,72,0,13,70,0.0,0.0,0.0,0.0,1.0
2026-08-19 02:00:00,27.1,96,97,2,15,96,0.0,0.0,0.0,0.1,4.9
2026-08-19 03:00:00,27.2,94,98,4,26,98,0.0,0.0,0.0,0.0,5.0
2026-08-19 04:00:00,27.1,94,98,8,23,98,0.0,0.0,0.0,0.0,6.2
2026-08-19 05:00:00,27.3,94,94,0,16,92,0.0,0.0,0.0,0.0,8.2
2026-08-19 06:00:00,27.2,92,71,0,16,66,0.0,0.0,0.0,0.0,9.4
2026-08-19 07:00:00,27.7,87,26,2,10,16,39.0,14.0,25.0,0.0,10.8
2026-08-19 08:00:00,29.7,84,25,7,11,10,209.0,120.0,89.0,0.0,8.9
2026-08-19 09:00:00,30.9,75,12,0,12,0,414.0,282.0,132.0,0.0,11.5
2026-08-19 10:00:00,31.9,67,17,9,9,2,602.0,451.0,151.0,0.0,15.3
2026-08-19 11:00:00,32.9,62,11,2,7,2,746.0,560.0,186.0,0.1,15.7
2026-08-19 12:00:00,33.5,63,36,7,5,27,859.0,679.0,180.0,0.0,14.8
2026-08-19 13:00:00,34.0,61,80,8,20,73,901.0,726.0,175.0,0.0,14.4
2026-08-19 14:00:00,34.1,53,13,6,12,0,817.0,631.0,186.0,0.2,15.0
2026-08-19 15:00:00,33.8,54,8,0,8,0,748.0,578.0,170.0,0.1,13.5
2026-08-19 16:00:00,33.8,56,9,0,9,0,612.0,468.0,144.0,0.0,12.4
2026-08-19 17:00:00,33.3,58,9,4,7,0,422.0,303.0,119.0,0.0,11.9
2026-08-19 18:00:00,32.4,65,13,6,12,0,225.0,141.0,84.0,0.0,8.3
2026-08-19 19:00:00,30.7,74,20,6,20,0,47.0,21.0,26.0,0.0,5.9
2026-08-19 20:00:00,29.9,77,22,13,14,0,0.0,0.0,0.0,0.0,9.8
2026-08-19 21:00:00,28.7,79,48,14,40,0,0.0,0.0,0.0,0.4,14.2
2026-08-19 22:00:00,27.6,88,23,1,23,0,0.0,0.0,0.0,0.4,4.1
2026-08-19 23:00:00,27.7,89,22,4,19,0,0.0,0.0,0.0,0.1,3.9
2026-08-20 00:00:00,27.6,89,18,9,9,2,0.0,0.0,0.0,0.0,7.0
2026-08-20 01:00:00,27.5,90,10,1,9,1,0.0,0.0,0.0,0.0,6.0
2026-08-20 02:00:00,28.1,92,30,14,2,18,0.0,0.0,0.0,0.0,2.3
2026-08-20 03:00:00,27.7,92,39,7,3,34,0.0,0.0,0.0,0.0,2.4
2026-08-20 04:00:00,27.3,92,56,0,0,55,0.0,0.0,0.0,0.0,5.2
2026-08-20 05:00:00,26.9,94,72,4,7,70,0.0,0.0,0.0,0.0,8.5
2026-08-20 06:00:00,26.8,89,9,0,0,9,0.0,0.0,0.0,0.0,11.6
2026-08-20 07:00:00,27.4,85,2,0,2,0,42.0,17.0,25.0,0.0,10.9
2026-08-20 08:00:00,29.1,80,16,1,16,0,215.0,133.0,82.0,0.0,9.6
2026-08-20 09:00:00,30.2,70,19,0,19,0,400.0,265.0,135.0,0.0,13.5
2026-08-20 10:00:00,31.3,65,28,2,26,1,580.0,407.0,173.0,0.0,15.0
2026-08-20 11:00:00,31.9,64,21,19,5,2,671.0,440.0,231.0,0.0,16.5
2026-08-20 12:00:00,32.6,63,24,2,14,11,804.0,571.0,233.0,0.0,16.9
2026-08-20 13:00:00,33.1,62,100,100,17,76,908.0,714.0,194.0,0.2,16.9
2026-08-20 14:00:00,32.9,57,89,26,23,83,717.0,328.0,389.0,2.2,16.5
2026-08-20 15:00:00,32.3,59,100,28,100,70,675.0,463.0,212.0,0.0,15.9
2026-08-20 16:00:00,28.6,86,100,0,99,86,194.0,15.0,179.0,2.3,11.3
2026-08-20 17:00:00,27.8,91,100,1,56,100,122.0,14.0,108.0,2.1,13.3
2026-08-20 18:00:00,28.0,90,100,4,94,99,132.0,24.0,108.0,0.5,11.4
2026-08-20 19:00:00,27.4,92,98,24,7,98,26.0,4.0,22.0,0.6,11.7
2026-08-20 20:00:00,27.1,94,99,1,31,99,0.0,0.0,0.0,3.5,12.8
2026-08-20 21:00:00,27.0,95,100,8,64,99,0.0,0.0,0.0,0.1,12.0
2026-08-20 22:00:00,26.9,94,98,0,16,97,0.0,0.0,0.0,0.1,12.1
2026-08-20 23:00:00,26.3,96,100,100,100,97,0.0,0.0,0.0,1.1,11.1
2026-08-21 00:00:00,26.3,97,100,9,98,96,0.0,0.0,0.0,4.5,11.2
2026-08-21 01:00:00,26.3,97,100,7,95,98,0.0,0.0,0.0,1.2,12.1
2026-08-21 02:00:00,26.6,96,91,43,44,71,0.0,0.0,0.0,1.6,8.6
2026-08-21 03:00:00,26.2,97,89,11,29,85,0.0,0.0,0.0,0.6,7.3
2026-08-21 04:00:00,26.2,97,91,4,23,89,0.0,0.0,0.0,0.1,6.8
2026-08-21 05:00:00,26.1,97,88,5,24,84,0.0,0.0,0.0,0.1,6.4
2026-08-21 06:00:00,26.0,97,90,4,55,77,0.0,0.0,0.0,0.1,7.3
2026-08-21 07:00:00,26.4,97,80,2,28,73,33.0,6.0,27.0,0.1,8.3
2026-08-21 08:00:00,27.2,90,98,1,93,66,184.0,67.0,117.0,0.0,7.8
2026-08-21 09:00:00,28.4,84,72,0,58,33,291.0,111.0,180.0,0.2,7.9
2026-08-21 10:00:00,29.6,78,65,10,33,46,484.0,240.0,244.0,0.2,7.0
2026-08-21 11:00:00,30.4,75,72,1,59,33,649.0,412.0,237.0,0.2,7.2
2026-08-21 12:00:00,30.5,73,79,34,59,39,641.0,318.0,323.0,0.6,9.3
2026-08-21 13:00:00,31.1,70,73,17,43,45,675.0,309.0,366.0,0.3,9.0
2026-08-21 14:00:00,32.0,66,100,28,100,61,782.0,493.0,289.0,0.3,6.7
2026-08-21 15:00:00,31.7,66,79,4,14,74,413.0,147.0,266.0,0.0,7.1
2026-08-21 16:00:00,32.3,64,87,12,4,85,570.0,380.0,190.0,0.0,9.5
2026-08-21 17:00:00,31.6,66,92,18,31,87,410.0,270.0,140.0,0.0,11.0
2026-08-21 18:00:00,30.2,73,100,16,98,98,170.0,76.0,94.0,0.1,10.9
2026-08-21 19:00:00,29.1,81,97,6,71,91,21.0,1.0,20.0,0.0,7.7
2026-08-21 20:00:00,29.4,83,95,7,13,94,0.0,0.0,0.0,0.0,6.9
2026-08-21 21:00:00,28.7,84,97,3,25,95,0.0,0.0,0.0,0.0,10.2
2026-08-21 22:00:00,27.8,87,96,2,7,96,0.0,0.0,0.0,0.1,8.4
2026-08-21 23:00:00,27.2,89,98,1,23,98,0.0,0.0,0.0,0.1,7.6
2026-08-22 00:00:00,26.9,91,80,1,30,71,0.0,0.0,0.0,0.2,6.5
2026-08-22 01:00:00,26.7,93,95,0,48,89,0.0,0.0,0.0,0.1,7.1
2026-08-22 02:00:00,27.4,93,94,4,8,93,0.0,0.0,0.0,0.0,5.7
2026-08-22 03:00:00,27.0,95,98,12,19,98,0.0,0.0,0.0,0.0,3.9
2026-08-22 04:00:00,26.9,94,100,37,44,99,0.0,0.0,0.0,0.2,3.6
2026-08-22 05:00:00,26.7,96,97,0,23,95,0.0,0.0,0.0,0.1,5.1
2026-08-22 06:00:00,26.6,97,97,0,4,97,0.0,0.0,0.0,0.0,4.0
2026-08-22 07:00:00,27.0,96,98,0,11,98,35.0,8.0,27.0,0.0,3.4
2026-08-22 08:00:00,28.7,88,100,6,22,99,192.0,86.0,106.0,0.0,6.5
2026-08-22 09:00:00,29.8,80,99,9,34,99,341.0,153.0,188.0,0.0,3.2
2026-08-22 10:00:00,30.9,73,98,11,22,96,461.0,198.0,263.0,0.0,2.4
2026-08-22 11:00:00,32.0,68,92,9,29,88,677.0,407.0,270.0,0.0,3.1
2026-08-22 12:00:00,32.7,64,96,9,15,95,727.0,424.0,303.0,0.0,2.6
2026-08-22 13:00:00,33.2,62,96,13,12,95,742.0,445.0,297.0,0.1,1.7
2026-08-22 14:00:00,32.6,63,100,10,100,98,787.0,492.0,295.0,0.0,7.3
2026-08-22 15:00:00,32.6,63,93,3,33,90,437.0,109.0,328.0,0.0,6.7
2026-08-22 16:00:00,32.4,65,96,7,41,95,484.0,237.0,247.0,0.0,6.9
2026-08-22 17:00:00,32.2,65,100,2,89,98,290.0,114.0,176.0,0.0,3.2
2026-08-22 18:00:00,31.1,73,99,14,28,98,126.0,33.0,93.0,0.1,6.9
2026-08-22 19:00:00,29.8,82,99,2,63,98,33.0,3.0,30.0,0.1,5.4
2026-08-22 20:00:00,29.8,81,98,15,23,98,0.0,0.0,0.0,0.0,10.7
2026-08-22 21:00:00,29.1,84,97,3,7,97,0.0,0.0,0.0,0.0,8.0
2026-08-22 22:00:00,28.9,86,97,11,7,97,0.0,0.0,0.0,0.0,4.9
2026-08-22 23:00:00,28.6,89,99,7,9,99,0.0,0.0,0.0,0.0,1.1
2026-08-23 00:00:00,28.2,91,100,2,41,100,0.0,0.0,0.0,0.0,3.0
2026-08-23 01:00:00,27.5,95,91,5,3,90,0.0,0.0,0.0,0.0,3.8
2026-08-23 02:00:00,27.7,94,98,6,71,92,0.0,0.0,0.0,0.0,3.4
2026-08-23 03:00:00,27.3,97,100,7,100,80,0.0,0.0,0.0,0.0,3.6
2026-08-23 04:00:00,27.2,97,91,1,51,83,0.0,0.0,0.0,0.0,2.2
2026-08-23 05:00:00,27.1,99,81,9,45,63,0.0,0.0,0.0,0.0,1.9
2026-08-23 06:00:00,27.0,100,100,96,18,90,0.0,0.0,0.0,0.0,2.8
2026-08-23 07:00:00,27.2,97,98,43,52,91,34.0,7.0,27.0,0.1,1.7
2026-08-23 08:00:00,27.7,93,98,9,3,98,141.0,41.0,100.0,0.3,6.2
2026-08-23 09:00:00,29.2,85,95,18,16,94,300.0,92.0,208.0,0.0,4.6
2026-08-23 10:00:00,30.0,82,98,11,30,98,409.0,176.0,233.0,0.1,5.0
2026-08-23 11:00:00,30.6,80,100,4,47,99,520.0,192.0,328.0,0.3,1.1
2026-08-23 12:00:00,31.3,78,100,2,68,100,612.0,232.0,380.0,0.5,0.4
2026-08-23 13:00:00,31.5,76,99,16,42,98,604.0,215.0,389.0,0.3,3.6
2026-08-23 14:00:00,29.3,85,100,92,94,100,571.0,216.0,355.0,2.3,6.8
2026-08-23 15:00:00,29.1,86,99,2,4,99,264.0,47.0,217.0,0.6,7.8
2026-08-23 16:00:00,30.1,81,98,0,2,98,410.0,169.0,241.0,0.2,4.8
2026-08-23 17:00:00,30.3,80,98,2,3,98,312.0,91.0,221.0,0.0,4.3
2026-08-23 18:00:00,30.1,80,98,2,11,97,160.0,39.0,121.0,0.0,3.6
2026-08-23 19:00:00,29.3,87,99,1,2,99,32.0,4.0,28.0,0.0,2.0
2026-08-23 20:00:00,28.6,94,99,0,16,99,0.0,0.0,0.0,0.0,2.9
2026-08-23 21:00:00,28.2,96,98,0,21,98,0.0,0.0,0.0,0.1,4.1
2026-08-23 22:00:00,28.0,97,86,0,20,83,0.0,0.0,0.0,0.1,4.4
2026-08-23 23:00:00,27.8,98,91,1,27,88,0.0,0.0,0.0,0.0,3.0
2026-08-24 00:00:00,27.7,99,99,1,7,99,0.0,0.0,0.0,0.0,0.9
2026-08-24 01:00:00,26.9,98,98,26,27,98,0.0,0.0,0.0,0.0,9.1
2026-08-24 02:00:00,27.4,97,100,9,74,99,0.0,0.0,0.0,0.1,5.6
2026-08-24 03:00:00,26.3,100,100,93,3,99,0.0,0.0,0.0,2.4,4.5
2026-08-24 04:00:00,26.4,100,83,12,13,80,0.0,0.0,0.0,0.3,1.3
2026-08-24 05:00:00,26.5,100,100,98,2,85,0.0,0.0,0.0,0.0,1.4
2026-08-24 06:00:00,26.3,98,95,0,11,95,0.0,0.0,0.0,0.0,2.5
2026-08-24 07:00:00,26.8,96,95,7,36,91,34.0,6.0,28.0,0.0,4.9
2026-08-24 08:00:00,29.4,81,95,10,30,92,140.0,38.0,102.0,0.0,2.4
2026-08-24 09:00:00,28.3,88,98,9,80,86,310.0,126.0,184.0,3.3,7.1
2026-08-24 10:00:00,29.1,86,95,2,23,94,277.0,80.0,197.0,0.5,4.2
2026-08-24 11:00:00,29.7,84,95,13,31,92,420.0,98.0,322.0,0.5,5.2
2026-08-24 12:00:00,31.3,77,92,5,7,91,595.0,208.0,387.0,0.2,4.7
2026-08-24 13:00:00,29.2,85,99,5,34,99,638.0,234.0,404.0,3.9,11.4
2026-08-24 14:00:00,31.5,71,99,3,3,99,460.0,150.0,310.0,0.5,5.7
2026-08-24 15:00:00,32.0,69,98,2,7,98,537.0,179.0,358.0,0.8,5.8
2026-08-24 16:00:00,30.1,79,99,0,27,98,421.0,154.0,267.0,1.9,6.2
2026-08-24 17:00:00,29.0,85,98,26,4,97,176.0,7.0,169.0,0.4,7.2
2026-08-24 18:00:00,28.7,88,97,4,20,96,101.0,24.0,77.0,0.7,3.5
2026-08-24 19:00:00,28.0,94,98,12,16,98,25.0,2.0,23.0,0.3,3.8
2026-08-24 20:00:00,28.8,94,98,6,15,98,0.0,0.0,0.0,0.2,2.9
2026-08-24 21:00:00,28.4,96,99,0,15,99,0.0,0.0,0.0,0.1,3.3
2026-08-24 22:00:00,28.3,95,100,5,34,100,0.0,0.0,0.0,0.0,1.9
2026-08-24 23:00:00,27.2,99,100,34,86,100,0.0,0.0,0.0,1.5,6.7
2026-08-25 00:00:00,27.3,98,99,1,7,99,0.0,0.0,0.0,1.9,5.5
2026-08-25 01:00:00,27.2,97,92,2,13,91,0.0,0.0,0.0,0.5,3.1
2026-08-25 02:00:00,27.2,96,100,5,40,100,0.0,0.0,0.0,0.1,7.3
2026-08-25 03:00:00,26.8,96,100,1,20,100,0.0,0.0,0.0,0.4,6.9
2026-08-25 04:00:00,26.8,97,99,2,16,99,0.0,0.0,0.0,0.0,3.5
2026-08-25 05:00:00,26.8,97,99,14,25,98,0.0,0.0,0.0,0.0,4.2
2026-08-25 06:00:00,26.7,98,80,2,26,75,0.0,0.0,0.0,0.0,3.5
2026-08-25 07:00:00,27.1,97,41,12,17,20,30.0,5.0,25.0,0.0,4.5
2026-08-25 08:00:00,28.5,87,91,7,21,89,183.0,89.0,94.0,0.0,6.7
2026-08-25 09:00:00,30.1,79,97,6,23,96,380.0,227.0,153.0,0.0,7.6
2026-08-25 10:00:00,30.9,76,99,4,71,96,450.0,192.0,258.0,0.1,7.3
2026-08-25 11:00:00,32.2,70,98,16,17,97,668.0,373.0,295.0,0.0,8.4
2026-08-25 12:00:00,33.0,64,98,3,16,98,735.0,423.0,312.0,0.0,8.8
2026-08-25 13:00:00,33.4,60,98,10,15,97,839.0,562.0,277.0,0.2,12.2
2026-08-25 14:00:00,33.2,59,98,13,16,98,795.0,527.0,268.0,0.2,12.9
2026-08-25 15:00:00,33.3,58,98,7,8,98,664.0,425.0,239.0,0.1,15.8
2026-08-25 16:00:00,32.8,59,99,5,23,99,537.0,300.0,237.0,0.1,15.9
2026-08-25 17:00:00,31.4,65,99,29,48,98,336.0,176.0,160.0,0.1,16.1
2026-08-25 18:00:00,30.0,74,98,2,24,98,146.0,37.0,109.0,0.1,10.1
2026-08-25 19:00:00,29.1,80,97,0,5,97,29.0,4.0,25.0,0.0,10.1
2026-08-25 20:00:00,29.2,79,100,5,10,100,0.0,0.0,0.0,0.0,11.8
2026-08-25 21:00:00,28.3,83,100,2,3,100,0.0,0.0,0.0,0.0,8.7
2026-08-25 22:00:00,28.0,86,100,2,17,100,0.0,0.0,0.0,0.0,6.1
2026-08-25 23:00:00,27.8,86,100,9,100,98,0.0,0.0,0.0,0.0,6.7
2026-08-26 00:00:00,27.6,87,100,0,73,99,0.0,0.0,0.0,0.0,6.3
2026-08-26 01:00:00,27.5,90,99,2,10,99,0.0,0.0,0.0,0.0,6.6
2026-08-26 02:00:00,28.0,89,100,5,100,65,0.0,0.0,0.0,0.3,6.7
2026-08-26 03:00:00,28.0,90,100,1,100,45,0.0,0.0,0.0,0.0,8.2
2026-08-26 04:00:00,27.8,88,72,0,55,38,0.0,0.0,0.0,0.1,7.2
2026-08-26 05:00:00,26.9,93,99,9,98,40,0.0,0.0,0.0,1.1,9.3
2026-08-26 06:00:00,26.7,95,94,14,71,77,0.0,0.0,0.0,0.4,8.6
2026-08-26 07:00:00,26.9,94,93,11,78,65,25.0,5.0,20.0,0.0,10.8
2026-08-26 08:00:00,28.5,82,92,5,24,90,86.0,3.0,83.0,2.4,12.5
2026-08-26 09:00:00,29.0,79,100,14,100,93,298.0,108.0,190.0,0.3,12.8
2026-08-26 10:00:00,29.0,81,98,2,20,98,340.0,86.0,254.0,0.9,13.2
2026-08-26 11:00:00,29.2,81,97,2,34,95,329.0,37.0,292.0,0.4,11.6
2026-08-26 12:00:00,30.5,74,100,24,27,99,616.0,243.0,373.0,0.4,15.9
2026-08-26 13:00:00,30.6,73,95,24,15,94,499.0,137.0,362.0,0.5,16.2
2026-08-26 14:00:00,30.7,72,100,13,99,84,633.0,316.0,317.0,0.3,13.9
2026-08-26 15:00:00,30.5,73,100,79,100,92,369.0,70.0,299.0,0.3,14.7
2026-08-26 16:00:00,30.7,71,99,48,41,98,270.0,49.0,221.0,0.0,14.2
2026-08-26 17:00:00,29.9,74,100,9,13,100,282.0,77.0,205.0,0.3,14.1
2026-08-26 18:00:00,29.1,80,100,100,100,99,92.0,6.0,86.0,0.0,11.6
2026-08-26 19:00:00,28.4,84,97,2,82,84,15.0,0.0,15.0,0.0,10.2
2026-08-26 20:00:00,27.9,90,98,2,62,95,0.0,0.0,0.0,0.0,12.1
2026-08-26 21:00:00,27.3,92,98,5,80,86,0.0,0.0,0.0,0.1,11.3
2026-08-26 22:00:00,26.2,97,100,92,96,98,0.0,0.0,0.0,5.3,15.6
2026-08-26 23:00:00,26.4,96,100,100,100,95,0.0,0.0,0.0,1.3,14.7
2026-08-27 00:00:00,26.2,97,100,88,80,98,0.0,0.0,0.0,1.6,12.7
2026-08-27 01:00:00,26.2,98,100,100,100,97,0.0,0.0,0.0,0.2,13.0
2026-08-27 02:00:00,26.4,97,100,93,100,100,0.0,0.0,0.0,4.8,12.1
2026-08-27 03:00:00,26.1,98,100,100,100,100,0.0,0.0,0.0,8.9,12.0
2026-08-27 04:00:00,26.2,97,100,77,16,100,0.0,0.0,0.0,6.3,11.1
2026-08-27 05:00:00,26.2,98,100,100,1,100,0.0,0.0,0.0,3.3,12.6
2026-08-27 06:00:00,26.3,98,100,99,13,100,0.0,0.0,0.0,3.7,11.0
2026-08-27 07:00:00,26.5,97,100,100,52,100,5.0,0.0,5.0,3.6,10.8
2026-08-27 08:00:00,27.2,93,100,75,16,99,50.0,0.0,50.0,3.1,11.0
2026-08-27 09:00:00,27.8,94,100,17,45,99,204.0,42.0,162.0,2.0,9.7
2026-08-27 10:00:00,28.7,92,99,15,36,99,308.0,45.0,263.0,0.7,8.4
2026-08-27 11:00:00,29.6,83,98,23,47,95,479.0,136.0,343.0,0.5,12.1
2026-08-27 12:00:00,29.5,80,93,28,39,85,639.0,231.0,408.0,0.9,15.9
2026-08-27 13:00:00,29.1,82,96,27,38,92,535.0,229.0,306.0,1.0,15.3
2026-08-27 14:00:00,28.8,85,98,52,25,95,384.0,74.0,310.0,1.0,12.3
2026-08-27 15:00:00,28.9,87,98,0,1,98,414.0,83.0,331.0,2.2,9.0
2026-08-27 16:00:00,29.0,86,98,23,41,95,283.0,46.0,237.0,0.7,9.4
2026-08-27 17:00:00,29.5,83,88,14,6,84,283.0,76.0,207.0,0.3,5.3
2026-08-27 18:00:00,29.2,84,98,8,28,98,139.0,28.0,111.0,0.0,6.2
2026-08-27 19:00:00,28.5,90,100,11,38,100,20.0,1.0,19.0,0.0,2.6
2026-08-27 20:00:00,27.6,97,98,2,15,98,0.0,0.0,0.0,0.0,8.4
2026-08-27 21:00:00,27.1,97,100,4,20,100,0.0,0.0,0.0,0.1,7.2
2026-08-27 22:00:00,26.8,98,100,20,84,98,0.0,0.0,0.0,0.4,8.4
2026-08-27 23:00:00,26.3,98,100,59,96,98,0.0,0.0,0.0,2.3,7.8
2026-08-28 00:00:00,25.9,98,100,42,100,97,0.0,0.0,0.0,1.7,3.3
2026-08-28 01:00:00,25.7,99,98,2,38,95,0.0,0.0,0.0,1.7,6.6
2026-08-28 02:00:00,26.9,97,100,2,100,94,0.0,0.0,0.0,0.4,2.9
2026-08-28 03:00:00,26.6,97,100,7,100,98,0.0,0.0,0.0,0.0,3.8
2026-08-28 04:00:00,26.6,98,100,2,100,100,0.0,0.0,0.0,0.6,4.5
2026-08-28 05:00:00,26.4,99,99,17,46,99,0.0,0.0,0.0,1.3,8.1
2026-08-28 06:00:00,26.2,99,95,2,13,95,0.0,0.0,0.0,0.9,3.6
2026-08-28 07:00:00,26.5,97,100,5,100,62,25.0,2.0,23.0,0.5,2.5
2026-08-28 08:00:00,26.9,96,100,93,100,75,126.0,30.0,96.0,0.1,3.5
2026-08-28 09:00:00,27.1,95,98,64,88,83,180.0,46.0,134.0,8.0,5.2
2026-08-28 10:00:00,27.6,93,96,2,23,95,239.0,48.0,191.0,2.1,1.9
2026-08-28 11:00:00,29.2,85,97,21,2,95,375.0,122.0,253.0,0.8,5.0
2026-08-28 12:00:00,30.9,78,83,6,16,78,609.0,231.0,378.0,0.3,5.0
2026-08-28 13:00:00,31.6,76,80,0,13,77,714.0,329.0,385.0,0.3,4.6
2026-08-28 14:00:00,30.3,82,83,2,3,82,721.0,474.0,247.0,0.2,6.8
2026-08-28 15:00:00,31.2,76,97,12,87,73,521.0,249.0,272.0,0.4,5.7
2026-08-28 16:00:00,31.4,73,95,3,10,94,486.0,247.0,239.0,0.2,4.4
2026-08-28 17:00:00,31.3,73,95,1,16,95,329.0,140.0,189.0,0.0,4.8
2026-08-28 18:00:00,29.7,81,98,42,7,96,164.0,64.0,100.0,0.7,6.9
2026-08-28 19:00:00,28.5,92,97,2,20,96,23.0,3.0,20.0,1.4,8.6
2026-08-28 20:00:00,29.9,88,84,8,3,83,0.0,0.0,0.0,0.1,6.5
2026-08-28 21:00:00,27.3,98,98,7,3,97,0.0,0.0,0.0,4.6,6.1
2026-08-28 22:00:00,26.6,98,98,9,45,98,0.0,0.0,0.0,1.2,9.4
2026-08-28 23:00:00,26.4,97,99,9,12,98,0.0,0.0,0.0,1.4,8.5
2026-08-29 00:00:00,26.5,97,99,14,13,99,0.0,0.0,0.0,0.4,4.8
2026-08-29 01:00:00,26.5,97,98,1,6,98,0.0,0.0,0.0,0.3,3.3
2026-08-29 02:00:00,27.1,95,88,6,30,81,0.0,0.0,0.0,0.1,5.0
2026-08-29 03:00:00,26.8,97,88,0,5,88,0.0,0.0,0.0,0.1,6.0
2026-08-29 04:00:00,26.7,98,81,0,3,81,0.0,0.0,0.0,0.0,3.1
2026-08-29 05:00:00,26.6,99,99,0,3,99,0.0,0.0,0.0,0.0,3.5
2026-08-29 06:00:00,26.5,99,95,0,2,95,0.0,0.0,0.0,0.0,2.3
2026-08-29 07:00:00,27.0,99,88,0,5,87,33.0,6.0,27.0,0.0,3.5
2026-08-29 08:00:00,28.6,89,5,2,0,2,194.0,95.0,99.0,0.0,3.9
2026-08-29 09:00:00,30.1,83,73,1,5,70,421.0,294.0,127.0,0.0,2.4
2026-08-29 10:00:00,31.5,76,91,5,18,89,587.0,411.0,176.0,0.0,3.8
2026-08-29 11:00:00,32.7,68,89,6,16,87,736.0,530.0,206.0,0.1,6.5
2026-08-29 12:00:00,33.7,63,45,9,13,31,848.0,629.0,219.0,0.0,4.6
2026-08-29 13:00:00,34.1,60,27,10,8,11,842.0,634.0,208.0,0.0,6.0
2026-08-29 14:00:00,35.5,49,23,1,6,17,868.0,700.0,168.0,0.0,2.8
2026-08-29 15:00:00,35.8,47,44,3,13,34,721.0,556.0,165.0,0.0,2.1
2026-08-29 16:00:00,34.4,53,66,7,15,58,574.0,432.0,142.0,0.1,6.7
2026-08-29 17:00:00,32.8,67,91,3,13,91,396.0,262.0,134.0,0.2,9.5
2026-08-29 18:00:00,31.6,76,100,1,18,100,167.0,73.0,94.0,0.0,8.0
2026-08-29 19:00:00,29.5,84,100,16,45,100,11.0,2.0,9.0,0.9,10.3
2026-08-29 20:00:00,29.8,78,96,0,2,96,0.0,0.0,0.0,0.0,2.6
2026-08-29 21:00:00,28.4,85,100,1,100,100,0.0,0.0,0.0,0.9,6.9
2026-08-29 22:00:00,27.9,88,100,0,91,100,0.0,0.0,0.0,0.4,8.7
2026-08-29 23:00:00,27.6,92,98,10,66,97,0.0,0.0,0.0,0.0,6.5
2026-08-30 00:00:00,27.0,95,94,5,30,91,0.0,0.0,0.0,0.1,10.6
2026-08-30 01:00:00,26.6,96,79,1,30,73,0.0,0.0,0.0,0.1,2.8
2026-08-30 02:00:00,26.7,96,98,5,14,98,0.0,0.0,0.0,0.0,5.9
2026-08-30 03:00:00,26.4,97,95,15,60,87,0.0,0.0,0.0,0.0,3.4
2026-08-30 04:00:00,26.4,97,95,7,86,66,0.0,0.0,0.0,0.0,3.4
2026-08-30 05:00:00,26.1,97,57,4,28,38,0.0,0.0,0.0,0.0,6.5
2026-08-30 06:00:00,26.0,96,100,3,100,84,0.0,0.0,0.0,0.0,5.9
2026-08-30 07:00:00,26.2,95,100,8,100,54,13.0,0.0,13.0,0.0,6.6
2026-08-30 08:00:00,26.4,95,100,0,100,93,59.0,2.0,57.0,2.2,6.7
2026-08-30 09:00:00,26.5,95,100,14,100,99,85.0,0.0,85.0,4.2,4.2
2026-08-30 10:00:00,26.8,94,100,10,100,99,122.0,1.0,121.0,9.9,3.7
2026-08-30 11:00:00,27.0,93,100,2,100,100,97.0,0.0,97.0,6.3,2.2
2026-08-30 12:00:00,26.8,95,100,23,100,100,111.0,0.0,111.0,4.3,4.3
2026-08-30 13:00:00,27.2,91,100,13,100,100,137.0,0.0,137.0,6.9,5.0
2026-08-30 14:00:00,27.3,93,100,12,55,100,92.0,0.0,92.0,5.5,8.9
2026-08-30 15:00:00,26.9,95,100,16,100,100,90.0,0.0,90.0,1.9,9.6
2026-08-30 16:00:00,27.1,96,100,1,100,100,75.0,3.0,72.0,2.7,9.8
2026-08-30 17:00:00,26.8,97,100,9,100,100,52.0,0.0,52.0,1.4,8.9
2026-08-30 18:00:00,26.6,97,100,2,97,100,45.0,0.0,45.0,0.7,9.7
2026-08-30 19:00:00,26.4,97,100,1,100,100,9.0,0.0,9.0,0.6,11.0
2026-08-30 20:00:00,26.7,97,100,0,100,100,0.0,0.0,0.0,1.7,13.4
2026-08-30 21:00:00,25.9,97,100,0,100,96,0.0,0.0,0.0,0.8,11.2
2026-08-30 22:00:00,25.8,96,100,0,100,69,0.0,0.0,0.0,0.2,9.9
2026-08-30 23:00:00,25.6,96,100,0,100,39,0.0,0.0,0.0,0.0,10.0
2026-08-31 00:00:00,25.7,96,100,2,100,76,0.0,0.0,0.0,0.6,7.2
2026-08-31 01:00:00,25.8,97,100,2,100,53,0.0,0.0,0.0,0.1,5.9
2026-08-31 02:00:00,26.1,98,98,0,91,84,0.0,0.0,0.0,0.0,7.2
2026-08-31 03:00:00,25.8,97,81,11,51,61,0.0,0.0,0.0,0.0,7.9
2026-08-31 04:00:00,25.7,96,86,10,56,69,0.0,0.0,0.0,0.0,7.4
2026-08-31 05:00:00,25.6,95,90,8,58,75,0.0,0.0,0.0,0.0,8.4
2026-08-31 06:00:00,25.4,94,97,47,82,84,0.0,0.0,0.0,0.2,9.0
2026-08-31 07:00:00,25.5,95,98,10,73,91,22.0,4.0,18.0,0.4,9.0
2026-08-31 08:00:00,26.3,91,100,9,100,98,116.0,25.0,91.0,0.0,8.0
2026-08-31 09:00:00,26.8,90,97,2,93,55,77.0,0.0,77.0,0.0,8.8
2026-08-31 10:00:00,28.3,83,55,4,34,32,290.0,57.0,233.0,0.0,8.1
2026-08-31 11:00:00,30.4,77,69,11,25,56,623.0,372.0,251.0,0.1,9.4
2026-08-31 12:00:00,31.8,72,98,9,41,98,833.0,589.0,244.0,0.3,11.6
2026-08-31 13:00:00,28.1,91,100,4,41,99,481.0,122.0,359.0,10.2,10.2
2026-08-31 14:00:00,28.0,82,98,4,46,95,186.0,16.0,170.0,7.2,7.1
2026-08-31 15:00:00,27.6,83,99,12,85,94,391.0,79.0,312.0,2.3,7.8
2026-08-31 16:00:00,29.6,77,100,5,100,97,527.0,296.0,231.0,0.0,7.6
2026-08-31 17:00:00,28.3,86,99,0,49,98,176.0,18.0,158.0,0.6,9.9
2026-08-31 18:00:00,26.7,94,100,11,45,100,114.0,22.0,92.0,2.8,9.1
2026-08-31 19:00:00,26.4,97,100,2,84,100,11.0,0.0,11.0,0.5,11.3
2026-08-31 20:00:00,27.0,96,100,57,100,100,0.0,0.0,0.0,0.9,10.9
2026-08-31 21:00:00,26.5,96,100,75,100,100,0.0,0.0,0.0,2.0,11.3
2026-08-31 22:00:00,26.1,96,100,2,100,100,0.0,0.0,0.0,3.1,14.4
2026-08-31 23:00:00,26.2,95,100,6,100,100,0.0,0.0,0.0,2.3,15.7
